1,1,1,"Portada","Libro de música de vihuela de mano intitulado El maestro. El qual trahe el mesmo estilo y orden que vn maestro trahería con un discípulo principiante: mostrándole ordenadamente desde los principios toda cosa que podría ignorar para entender la presente obra. Compuesto por don Luys Milán. Dirigido al muy alto y muy poderoso e inuictíssimo principe don Juhan: por la gracia de Dios rey de Portugal y de las yslas. Año M.D.xxxv. Con privilegio Real.",0,0
1,2,1,"fol. 2v. Grabado: Inuictissimus Rex Lusitanorum","",0,0
1,3,1,"fol. 3. Prólogo","",0,0
1,4,1,"fol. 3. Dedicatoria","",0,0
1,5,1,"fol. 3v. Declaración del libro","",0,0
1,6,1,"fol. 6v. Grabado: Orfeo tañendo la vihuela","",0,0
1,7,1,"fol. B1. Avisos  al lector","",0,0
1,8,1,"","",0,1
1,9,1,"PRIMER LIBRO","",0,1
1,10,1,"VIHUELA SOLA","",0,1
1,11,1,"#B1v#Fantasía del primero tono","El título en fol. B1r.",1,1
1,12,1,"#B2v#Fantasía del primero tono","",1,1
1,13,1,"#B3v#Fantasía del primero tono","",1,1
1,14,1,"#B5#Fantasía del segundo tono","",1,1
1,15,1,"#B6#Fantasía del segundo tono","",1,1
1,16,1,"#C1v#Fantasía de tono mixto, primero y segundo","",1,1
1,17,1,"#C3#Fantasía del tercero tono","",1,1
1,18,1,"#C4v#Fantasía del quarto tono","Falta el título de la fantasía, que aparece en la Corrección del Auctor en los herrores de la Emprenta, fol. R6v. En el ejemplar R. 9281 de la Biblioteca Nacional de Madrid hay una nota manuscrita, con grafía más moderna, que reproduce en el fol. C4v la corrección.",1,1
1,19,1,"#C5v#Fantasía de tono mixto, tercero y quarto","",1,1
1,20,1,"","",0,1
1,21,1,"#D3v#Fantasía del primero y segundo tono","Hay un error en la numeración de los fols. del cuaderno de la D, que afecta a los nos 10 a 14; el orden correcto sería: D3, D2, D1, D6, D5, D4. En el ejemplar R. 14752 el orden es incorrecto, pues se ha respetado la numeración correlativa de los folios; no así en el R. 9281, que está encuadernado en el orden correcto, pero con la numeración de los folios incorrecta. En esta edición se ha mantenido este último orden. El título del nº 10 está en el fol. D3r.",1,1
1,22,1,"#D2#Fantasía","El título aparece junto con nº 10, en el fol. D3r.",1,1
1,23,1,"#D6#Fantasía del tercero y quarto tono","El título aparece en el fol. D1v.",1,1
1,24,1,"#D5#Fantasía del primero tono","",1,1
1,25,1,"#D4#Fantasía del quarto y tercero tono","",1,1
1,26,1,"#E1#Fantasía del quinto y sexto tono","",1,1
1,27,1,"#E2v#Fantasía del quinto y sexto tono","",1,1
1,28,1,"#E4#Fantasía del quinto y sexto tono","",1,1
1,29,1,"#E5v#Fantasía del séptimo y octavo tono","",1,1
1,30,1,"#F1v#Fantasía del quinto tono","El título aparece en el fol. F1.",1,1
1,31,1,"#F4#Fantasía del sexto tono","El título aparece en el fol. F3v.",1,1
1,32,1,"#F6v#Fantasía del séptimo tono","",1,1
1,33,1,"#G2#Fantasía del octavo tono","",1,1
1,34,1,"#G3v#Pavana del primero y segundo tono","",1,1
1,35,1,"#G4#Pavana del tercero y quarto tono","",1,1
1,36,1,"#G5#Pavana del quinto y sexto tono","",1,1
1,37,1,"#G5v#Pavana del séptimo y octauo tono","",1,1
1,38,1,"#G6#Pavana Qua la bella francesquina del octauo tono","",1,1
1,39,1,"#G6v#Pavana del octavo tono","",1,1
1,40,1,"","",0,1
1,41,1,"VOZ (EN CIFRA) Y VIHUELA","",0,1
1,42,1,"#H1#Toda mi vida hos amé. Villancico en castellano","",2,1
1,43,1,"#H1#[Otra versión]","",2,1
1,44,1,"#H1v#Sospiró una señora. Villancico en castellano","",2,1
1,45,1,"#H1v#[Otra versión]","",2,1
1,46,1,"#H2#Agora viniesse un viento. Villancico en castellano","",2,1
1,47,1,"#H2#Quien amores ten. Villancico en portugués","",2,1
1,48,1,"#H2v#[Otra versión]","",2,1
1,49,1,"#H3#Falai miña amor. Villancico en portugués","",2,1
1,50,1,"#H3#Poys dezeys que me quereys ben. Villancico en portugués","",2,1
1,51,1,"#H3#[Otra versión]","",2,1
1,52,1,"#H3v#Durandarte, Durandarte. Romance","",2,1
1,53,1,"#H4#Segunda parte. Palabras son lisongeras","",2,1
1,54,1,"#H4v#Sospirastes, Baldovinos. Romance","El título en fol. H4r.",2,1
1,55,1,"#H5#Segunda parte. Si te vas conmigo en Francia","",2,1
1,56,1,"#H5v#Amor che nel mio pensier viue et regna. Soneto en italiano","",2,1
1,57,1,"#H6v#Porta chiascun nela fronte signato. Soneto en italiano","",2,1
1,58,1,"#H7v#Noua angeleta soura l’ale accorta. Soneto en italiano","",2,1
1,59,1,"","",0,2
1,60,1,"fol. H8v. Portadilla del Segundo libro","",0,2
1,61,1,"","",0,2
1,62,1,"SEGUNDO LIBRO","",0,2
1,63,1,"VIHUELA SOLA","",0,2
1,64,1,"#J1#Fantasía del primero tono","El título en fol. H8v.",1,2
1,65,1,"#J3#Fantasía del segundo tono","",1,2
1,66,1,"#J5#Fantasía de tono mixto, primero y segundo","",1,2
1,67,1,"#K1v#Fantasía del tercero y quarto tono","",1,2
1,68,1,"#K3#Fantasía del tercero tono","El título en fol. K2v.",1,2
1,69,1,"#K5#Fantasía del quarto tono","",1,2
1,70,1,"#L1#Fantasía de tono mixto, tercero y quarto","",1,2
1,71,1,"#L3v#Fantasía de tono mixto, tercero y quarto","",1,2
1,72,1,"#L5#Fantasía del sexto tono","",1,2
1,73,1,"#M1#Fantasía del sexto tono","",1,2
1,74,1,"#M2v#Fantasía del sexto tono","",1,2
1,75,1,"#M4v#[Tentos] del primero y segundo tono","",1,2
1,76,1,"#N1#Tentos del tercero y quarto tono","",1,2
1,77,1,"#N3#Tentos del quinto y sexto tono","",1,2
1,78,1,"#N5#Tentos del séptimo y octavo tono","",1,2
1,79,1,"#O1#Fantasía del séptimo tono","",1,2
1,80,1,"#O2v#Fantasía del octauo tono","",1,2
1,81,1,"#O4#Fantasía de tono mixto, séptimo y octavo","",1,2
1,82,1,"#O6#Fantasía de tono mixto, séptimo y octavo","",1,2
1,83,1,"#Pl#Fantasía del sexto tono","",1,2
1,84,1,"#P3#Fantasía del séptimo y octavo tono","",1,2
1,85,1,"#P5#Fantasía del séptimo y octavo tono","",1,2
1,86,1,"","",0,2
1,87,1,"VOZ (EN CIFRA) Y VIHUELA","",0,2
1,88,1,"#Q1#Al amor quiero vencer. Villancico en castellano","Orig. por error: Q ij.",2,2
1,89,1,"#Q1#[Otra versión]","",2,2
1,90,1,"#Q1v#Aquel cauallero, madre. Villancico en castellano","",2,2
1,91,1,"#Q2#[Otra versión]","",2,2
1,92,1,"#Q2v#Amor, que tan bien siruiendo. Villancico en castellano","",2,2
1,93,1,"#Q3#[Otra versión]","",2,2
1,94,1,"#Q3#Leuayme, Amor, d’aquesta terra. Villancico en portugués","",2,2
1,95,1,"#Q3v#[Otra versión]","",2,2
1,96,1,"#Q4#Un cuydado que mia vida ten. Villancico en portugués","",2,2
1,97,1,"#Q4#[Otra versión]","",2,2
1,98,1,"#Q4v#Perdida teñyo la color. Villancico en portugués","",2,2
1,99,1,"#Q4v#[Otra versión]","",2,2
1,100,1,"#Q4v#Con pauor recordó el moro. Romance","",2,2
1,101,1,"#R1v#Segunda parte. Mi cama, las duras peñas","",2,2
1,102,1,"#R2#Triste estaua, muy quexosa. Romance","",2,2
1,103,1,"#R2v#O gelosia, d’amanti horribil freno. Soneto en italiano","",2,2
1,104,1,"#R3v#Madonna, per voi ardo. Soneto en italiano","",2,2
1,105,1,"#R4v#Gentil mia donna, i’ veggio. Soneto en italiano","",2,2
1,106,1,"","",0,2
1,107,1,"fol. R5v. Intelligencia y declaración de los tonos que en la música de canto figurado se vsan","",0,2
1,108,1,"","",0,3
1,109,1,"fol. R6. Colofón","A honor y gloria de Dios todopoderoso y de la sacratissima virgen María madre suya y abogada nuestra. Fue impresso el presente libro de música de Vihuela de mano intitulado el Maestro: por Francisco Díaz Romano. En la Metropolitana y Coronada Ciudad de Valencia. Acabóse a iiij días del mes de Deziembre Año de nuestra reparación. de Mil y quinientos treynta y seys.",0,3
1,110,1,"","",0,3
1,111,1,"fol. R6v. Corrección del Auctor en los herrores de la Emprenta","",0,3
2,1,2,"Portada","Los seys libros del Delphín, de música de cifras para tañer Vihuela. Hechos por Luys de Narbáez. Dirigidos al muy Illustre Señor, el Señor don Francisco de los Couos,  Comendador mayor de León, Adelantado de Caçorla, Señor de Sauiote y del Consejo del Estado de su Magestad Cesárea, &c. Y este primer libro tracta de los ocho tonos para tañer por diuersas partes en Vihuela. M. D. xxx. viiij. Con preuilegio Imperial para Castilla y Aragón y Valencia y Cataluña por diez años.",0,0
2,2,2,"","",0,0
2,3,2,"fol. A1v. Grabado de Arión sobre un delfín tañendo una vihuela","",0,0
2,4,2,"fol. A2. Prólogo","",0,0
2,5,2,"fol. A2v. Coplas","",0,0
2,6,2,"fol. A3. Avisos al lector","",0,0
2,7,2,"","",0,1
2,8,2,"PRIMER LIBRO","",0,1
2,9,2,"VIHUELA SOLA","",0,1
2,10,2,"#1#Primer tono por gesolreut","",1,1
2,11,2,"#3v#Segundo tono","La indicación del tono en las fantasías del segundo, cuarto y octavo tonos (nos. 2, 4 y 8) aparece en este ejemplar, R. 9741, sólo en la Tabla del primer libro, fol. 23v; en el ejemplar R. 14708, sin embargo, sí aparece la indicación junto al correspondiente título de cada fantasía, es decir, se trata de una impresión posterior con correcciones.",1,1
2,12,2,"#7#Tercer tono","",1,1
2,13,2,"#9v#Quarto tono","",1,1
2,14,2,"#12#Quinto tono de consonancia","",1,1
2,15,2,"#14#Sesto tono sobre fa ut mi re","",1,1
2,16,2,"#17#Sétimo tono sobre ut re mi fa mi","",1,1
2,17,2,"#20#Octauo tono","",1,1
2,18,2,"","",0,1
2,19,2,"fol. 23v. Tabla del primer libro","",0,1
2,20,2,"fol. 24. Grabado","",0,1
2,21,2,"","",0,2
2,22,2,"fol. 25. Portadilla del segundo libro","El segundo libro del Delphín, de música de cifras para tañer Vihuela. Hecho por Luys de Narbáez. Dirigido al muy Illustre Señor, el Señor don Francisco de los Couos, Comendador mayor de León, Adelantado de Caçorla, Señor de Sauiote, y del Consejo del Estado de la Magestad Cesárea, &c. Ay en él fantasías por algunos tonos, que no son tan dificultosas de tañer como las del primer libro. M.D.xxx.viij. Con priuilegio Imperial para Castilla y Aragón y Valencia y Cataluña por diez años.",0,2
2,23,2,"fol. 25v. Grabado de Arión sobre un delfín tañendo una vihuela","",0,2
2,24,2,"","",0,2
2,25,2,"SEGUNDO LIBRO","",0,2
2,26,2,"VIHUELA SOLA","",0,2
2,27,2,"#26#Fantasía del primer tono","La indicación del tono de esta Fantasía aparece sólo en la Tabla del segundo libro, fol. 36.",1,2
2,28,2,"#27#Fantasía del quarto tono","",1,2
2,29,2,"#28v#Fantasía del quinto tono","",1,2
2,30,2,"#31#Fantasía del quinto tono","",1,2
2,31,2,"#33v#Fantasía del primer tono por ge sol re ut","La portada y contraportada de este Tercer libro están tomadas del ejemplar R. 14752 de la Biblioteca Nacional de Madrid.",1,2
2,32,2,"#35#Fantasía del primer tono por ge sol re ut","",1,2
2,33,2,"","",0,2
2,34,2,"fol. 36. Tabla del segundo libro","",0,2
2,35,2,"fol. 36v. Grabado","",0,2
2,36,2,"","",0,3
2,37,2,"fol. 37. Portadilla del tercer libro","El tercero libro del Delphín, de música de cifras para tañer Vihuela. Hecho por Luys de Narbáez. Dirigido al muy Illustre Señor, el Señor don Francisco de los Couos, Comendador mayor de León, Adelantado de Caçorla, Señor de Sauiote, y del Consejo del Estado de la Magestad Cesárea, &c. Ay en él obras compuestas de Josquin y canciones Francesas de diuersos auctores. M.D.xxx.viij. Con priuilegio Imperial para Castilla y Aragón y Valencia y Cataluña por diez años. *(La portada y contraportada de este Tercer libro están tomadas del ejemplar R. 14752 de la Biblioteca Nacional de Madrid.)",0,3
2,38,2,"fol. 37v. Grabado de Arión sobre un delfín tañendo una vihuela","",0,3
2,39,2,"","",0,3
2,40,2,"TERCERO LIBRO","",0,3
2,41,2,"VIHUELA SOLA","",0,3
2,42,2,"#34 [bis]#Sanctus de la misa de faisan regres de josquin, primer tono por ge sol re ut","Este fol., que debería ser el nº 38, está señalado como nº 34, y los fol. siguientes son correlativos a partir de este número. Por lo tanto, se repiten los nos de fol. 34 a 37.",1,3
2,43,2,"#34v [bis]#Ossanna de la misma missa","",1,3
2,44,2,"#36 [bis]#Sanctus de josquin de la misa de faissan regres","",1,3
2,45,2,"#37  [bis]#Ossanna de la misma missa","",1,3
2,46,2,"#38v#Cum sancto spiritu de la missa de la fuga de josquin","El título en el fol. 38r.",1,3
2,47,2,"#40v#Mille regres. La cancion del Emperador, del quarto tono, de Jusquin","El título y la indicación del modo en los fols. 40r y 40v.",1,3
2,48,2,"#42v#Canción de niculás Gumbert, del quinto tono","El título y la indicación del modo en el fol. 42r.",1,3
2,49,2,"#43v#Canción del primer tono, de Gombert","Narváez indica la autoría de Gombert al final del Libro tercero, fol. 48 r.",1,3
2,50,2,"#45#Canción «Je veulx laysser melancolie», de ricaforte, del primer tono","",1,3
2,51,2,"fol. 48. Tabla del tercero libro","",0,3
2,52,2,"fol. 48v. Grabado","",0,3
2,53,2,"","",0,4
2,54,2,"fol. 49. Portadilla del cuarto libro","El quarto libro del Delphín, de música de cifras para tañer Vihuela. Hecho por Luys de Narbáez. Dirigido al muy Illustre Señor, el Señor don Francisco de los Couos, Comendador mayor de León, Adelantado de Caçorla, Señor de Sauiote, y del Consejo del Estado de la Magestad Cesárea, &c. Ay en él diferencias de contrapuntos sobre el igno de nuestra Señora, O gloriosa domina, y de Pange lingua y Sacris solennijs. M.D.xxx.viij. Con priuilegio Imperial para Castilla y Aragón y Valencia y Cataluña por diez años.",0,4
2,55,2,"","",0,4
2,56,2,"fol. 49v. Grabado de Arión sobre un delfín tañendo una vihuela","",0,4
2,57,2,"","",0,4
2,58,2,"QUARTO LIBRO","",0,4
2,59,2,"VIHUELA SOLA","",0,4
2,60,2,"#50#Seys Diferencias de contrapunto sobre el igno «O gloriosa domina», de primer tono","",1,4
2,61,2,"#56#Cinco diferencias sobre «Sacris solenniis», del sesto tono","En el título, fol. 56,  se lee: «Comiençan otras seys diferencias...», pero en el índice del Quarto libro, fol. 62, sólo figuran cinco diferencias, que son las que realmente hay.",1,4
2,62,2,"","",0,4
2,63,2,"fol. 63. Tabla del quarto libro","",0,4
2,64,2,"fol. 63v. Grabado","",0,4
2,65,2,"","",0,5
2,66,2,"fol. 64. Portadilla del quinto libro","El quinto libro del Delphín, de música de cifras para tañer Vihuela. Hecho por Luys de Narbáez. Dirigido al muy Illustre Señor, el Señor don Francisco de los Couos, Comendador mayor de León, Adelantado de Caçorla, Señor de Sauiote, y del Consejo del Estado de la Magestad Cesárea, &c. Ay en él romances y villancicos para tañer y cantar y contrapunctos sobre algunos villancicos. M.D.xxx.viij. Con priuilegio Imperial para Castilla y Aragón y Valencia y Cataluña por diez años.",0,5
2,67,2,"","",0,5
2,68,2,"fol. 64v. Grabado de Arión sobre un delfín tañendo una vihuela","",0,5
2,69,2,"","",0,5
2,70,2,"","",0,5
2,71,2,"QUINTO LIBRO","",0,5
2,72,2,"VOZ (EN CIFRA) Y VIHUELA","",0,5
2,73,2,"#65#Romance «Ya se asienta el rey Ramiro», del sesto tono","",2,5
2,74,2,"#66#Romance «Paseávase el Rey moro», del quarto tono","",2,5
2,75,2,"#67#Tres diferencias sobre el villancico «Si tantos halcones»","En este fol. figura, por error, el nº 65 en lugar del 67; en el ejemplar R. 9741 de la Biblioteca Nacional de Madrid el número está corregido a mano. El título de la obra aparece en la Tabla del Quinto libro, fol. 81.",2,5
2,76,2,"#72v#Seis diferencias de contrapunto sobre el villancico «Y la mi cinta 			dorada», del quinto tono","",2,5
2,77,2,"#77#[Villancico] «La bella mal maridada»","",2,5
2,78,2,"#78#Contrapunto sobre el villancico «Con qué la lauaré»","",2,5
2,79,2,"#80#Villancico «Ardé, coraçón, ardé», del quarto tono","",2,5
2,80,2,"","",0,5
2,81,2,"fol. 80 bis. Tabla del quinto libro","",0,5
2,82,2,"fol. 80 bisv. Grabado","",0,5
2,83,2,"","",0,6
2,84,2,"fol. 81. Portadilla del sexto libro","El sesto libro del Delphín, de música de cifras para tañer Vihuela. Hecho por Luys de Narbáez. Dirigido al muy Illustre Señor, el Señor don Francisco de los Couos, Comendador mayor de León, Adelantado de Caçorla, Señor de Sauiote, y del Consejo del Estado de la Magestad Cesárea, &c. Ay en él veynte y dos diferencias de conde claros para discantar, y siete diferencias de guárdame las vacas, y vna baxa de contrapunto. M.D.xxx.viij. Con priuilegio Imperial para Castilla y Aragón y Valencia y Cataluña por diez años. *(En los dos ejemplares de la Biblioteca Nacional de Madrid hay, entre el grabado final del quinto libro y la portada del sexto, tres folios sin contenido: el primero recto en blanco, vuelto con los hexagramas vacíos y la orla del encabezado sin texto, y los dos siguientes en blanco.)",0,6
2,85,2,"","",0,6
2,86,2,"fol. 81v. Grabado de Arión sobre un delfín tañendo una vihuela","",0,6
2,87,2,"","",0,6
2,88,2,"SESTO LIBRO","",0,6
2,89,2,"VIHUELA SOLA","",0,6
2,90,2,"#82#Veintidós diferencias de Conde claros, del sesto tono","La numeración de los fols. del Libro sesto es caótica: 82, 79 [= 83], 80 [= 84], 81 [= 85], 82 [=86], 87, 88, 85 [= 89], 86 [= 90], 88 [= 91], 88 [= 92].",1,6
2,91,2,"#82v [=86v]#Cuatro diferencias sobre «Guárdame las vacas», del primer tono","El título en el fol. 82r [= 86r].",1,6
2,92,2,"#88v#Otras tres diferencias sobre «Guárdame las vacas», hechas por otra parte","",1,6
2,93,2,"#86v [= 90v]#Baxa de contrapunto, de octauo tono","",1,6
2,94,2,"","",0,6
2,95,2,"Tabla general de todo lo que contienen los seys libros del Delphín.","",0,6
2,96,2,"Corrección del auctor en los seys libros del Delphín.","",0,6
2,97,2,"Coplas del auctor en loor de la música.","",0,6
2,98,2,"Grabado","",0,6
2,99,2,"","",0,6
2,100,2,"Colofón","Fue impresa la presente obra de los seys libros del Delphin, Hecho por el excelente músico Luys de Narbáez, en la muy noble villa de Valladolid por Diego Hernández de Córdoua, impresor. Acabóse a treynta días del mes de Octubre. M. D. xxx. viij.",0,7
3,1,3,"Portada","Tres libros de música en cifras para vihuela. En el primero ay música fácil y difícil en fantasías: y composturas, y pauanas, y gallardas, y algunas fantasías pora [sic] guitarra. El segundo trata de los ocho tonos (o modos), tiene muchas fantasías por diuersas partes, y composturas glosadas. El tercero es de música para cantada y tañida. Tiene motetes, psalmos, romances, canciones, sonetos en castellano, y italiano, versos en latín, villanzicos. Dirigidos al muy magnífico señor, el señor don Luys Çapata. Fue impresso el presente libro en la muy noble y leal ciudad de Seuilla en casa de Iuan de León.",0,0
3,2,3,"","",0,0
3,3,3,"fol. A1v. Epístola al muy magnífico señor Don Luys Çapata","",0,0
3,4,3,"fol. A2. Tabla del libro primero","",0,0
3,5,3,"fol. A2v. Prólogo al lector","",0,0
3,6,3,"fol. A4. Folio manuscrito con el nombre, tal vez, de un antiguo propietario: Dominguos Romano","",0,0
3,7,3,"fol. A4v. Grabado: Mercurio tañendo la lira","",0,0
3,8,3,"","",0,1
3,9,3,"LIBRO PRIMERO","",0,1
3,10,3,"VIHUELA SOLA","",0,1
3,11,3,"#1#Fantasía de pasos largos para desenboluer las manos","",1,1
3,12,3,"#2#Fantasía para desenboluer las manos","",1,1
3,13,3,"#3#Fantasía de pasos para desenboluer las manos","",1,1
3,14,3,"#4#Fantasías de pasos de contado","",1,1
3,15,3,"#5#Fantasía fácil","Esta fantasía continúa en el fol. 6 r, en donde termina; en esta edición se ha corregido el error de impresión.",1,1
3,16,3,"#5v#Fantasía fácil","Esta fantasía continúa en el fol. 6v, en donde termina; en esta edición se ha corregido el error de impresión.",1,1
3,17,3,"#7#Fantasía fácil","",1,1
3,18,3,"#8#Fantasía","",1,1
3,19,3,"#9#Fantasía","",1,1
3,20,3,"#10v#La segunda parte de la gloria de la misa de faysan regres de Iosquin","",1,1
3,21,3,"#12#Pleni de la misa de faysan regres de Iosquin","",1,1
3,22,3,"#13#Fantasía que contrahaze la harpa en la manera de Luduvico","",1,1
3,23,3,"#15v#Conde Claros","",1,1
3,24,3,"#17#Romanesca o Guárdame las vacas","",1,1
3,25,3,"#18#Pauana","",1,1
3,26,3,"#19v#Pavana de Alexandre","",1,1
3,27,3,"#20#Gallarda","",1,1
3,28,3,"","",0,1
3,29,3,"","",0,1
3,30,3,"GUITARRA SOLA","",0,1
3,31,3,"#21#Fantasía del primer tono. Guitarra al temple viejo","En el fol. 21 se lee, por error: «guitarra al temple nuevo», pero en la Tabla del libro primero, fol. A2, figura el temple correcto, que es el viejo.",3,1
3,32,3,"#21v#Fantasía del quarto tono. Guitarra al temple nuevo","",3,1
3,33,3,"#22#Fantasía del quinto tono. Guitarra al temple nuevo","El nº de fol. es, por error, 24.",3,1
3,34,3,"#23#Fantasía del primer tono. Guitarra al temple nuevo","",3,1
3,35,3,"#23v#Pauana. Guitarra al temple nuevo","",3,1
3,36,3,"#24#Romanesca o Guárdame las vacas. Guitarra al temple nuevo","",3,1
3,37,3,"","",0,2
3,38,3,"Portadilla del libro segundo","Libro segundo de música en cifras para vihuela, en el qual ay muchas fantasías y algunas ComPosturas Glosadas por los ocho tonos, que por otro nombre más propio se llaman modos. Fue impresso el presente libro en la muy noble y leal ciudad de Seuilla en casa de Iuan de León. 1546",0,2
3,39,3,"Tabla [del libro segundo]","",0,2
3,40,3,"","",0,2
3,41,3,"LIBRO SEGUNDO","",0,2
3,42,3,"VIHUELA SOLA","",0,2
3,43,3,"#2#Tiento del primer tono","",1,2
3,44,3,"#2#Fantasía del primer tono","En los nos. 23 y 24 el nº de fol. es, por error, 1; debería ser 2.",1,2
3,45,3,"#4#Kyrie primero de la missa de Beata Virgine de Iosquin glosado, del primer tono","",1,2
3,46,3,"#5#Fantasía del primer tono","En el fol. 5 se lee, por error, «segundo tono»; el tono figura correctamente en la Tabla del libro segundo, fol. 1v.",1,2
3,47,3,"#6v#Tiento del segundo tono","",1,2
3,48,3,"#6v#Fantasía del segundo tono","",1,2
3,49,3,"#7#Fantasía de [sic] sobre fa mi ut re, del segundo tono","",1,2
3,50,3,"#8#Tiento del tercero tono","",1,2
3,51,3,"#8#Fantasía del tercero tono","",1,2
3,52,3,"#9v#Glosa sobre un Kyrie postrero de vna misa de Iosquin que va sobre Pange Lingua, del tercero tono","",1,2
3,53,3,"#11#Tiento del quarto tono","",1,2
3,54,3,"#11v#Fantasía del quarto tono","",1,2
3,55,3,"#12v#Glosa sobre un Beneditus de vna missa de Iosquin que va sobre la sol fa re mi, del quarto tono","",1,2
3,56,3,"#13v#Tiento del quinto tono","",1,2
3,57,3,"#14#Fantasía del quinto tono","Los fols. de todo el Libro tercero están sin foliar, salvo los nos. 1 a 4; de éstos, el 4 figura como 3. Los títulos de los nos. 49 y 50 figuran sólo en el Índice del Libro tercero.",1,2
3,58,3,"#15#Fantasía del quinto tono","",1,2
3,59,3,"#16v#Tiento del sexto tono","",1,2
3,60,3,"#17#Fantasía del sexto tono","",1,2
3,61,3,"#18#Glosa sobre el primer Kyrie de una missa de Feuin que va sobre Aue Maria, del sexto tono","",1,2
3,62,3,"#20#Tiento del séptimo tono","",1,2
3,63,3,"#20v#Fantasía del séptimo tono","",1,2
3,64,3,"#22#Glosa sobre el Cum Sancto Spiritu de la missa de Beata Virgine de Josquin, del séptimo tono","",1,2
3,65,3,"#24#Tiento del octavo tono","",1,2
3,66,3,"#24#Fantasía del octavo tono","",1,2
3,67,3,"#25v#Fantasía del octavo tono","",1,2
3,68,3,"#27#Fantasía, va sobre fa mi fa re ut sol fa sol mi re, del octavo tono","",1,2
3,69,3,"","",0,3
3,70,3,"Portadilla del libro tercero","Libro tercero de música en cifras y canto de órgano para tañer y cantar con la Vihuela, en el qual ay Motetes, Psalmos, Romances, Canciones, Sonetos, Versos en latín, Villancicos, como verán en la tabla que a la buelta desta hoja está. Fue impresso el presente libro en la muy noble y muy leal ciudad de Seuilla en casa de Iuan de León. 1546",0,3
3,71,3,"Tabla [del libro tercero]","",0,3
3,72,3,"","",0,3
3,73,3,"LIBRO TERCERO","",0,3
3,74,3,"VOZ (EN CIFRA) Y VIHUELA","",0,3
3,75,3,"#1#Pater noster a quatro de Adrian Vuilliart","Los fols. de todo el Libro tercero están sin foliar, salvo los nos. 1 a 4; de éstos, el 4 figura como 3. Los títulos de los nos. 49 y 50 figuran sólo en la Tabla del Libro tercero.",2,3
3,76,3,"#4#Respice in me Deus, de Gomberth","",2,3
3,77,3,"","",0,3
3,78,3,"VOZ (EN NOTACIÓN MENSURAL) Y VIHUELA","",0,3
3,79,3,"#6#Clamabat autem mulier. Motete de la Cananea","",4,3
3,80,3,"#10v#Durmiendo yua el Señor. Romance","",4,3
3,81,3,"#11v#2ª parte. El agua, con la tormenta","",4,3
3,82,3,"#13#Triste estaua el rey David. Romance","",4,3
3,83,3,"#14#Israel, mira tus montes. Romance","",4,3
3,84,3,"#15v#Sin dudar. Canción al milagro de la Encarnación","",4,3
3,85,3,"#18#2ª parte. Por qué arte","",4,3
3,86,3,"#20#Recuerde el alma dormida. Canción","",4,3
3,87,3,"#21#Claros y frescos ríos. Canción, letra de Boscán","Los autores de los textos poéticos del libro tercero figuran en la Tabla de ese libro, contraportada.",4,3
3,88,3,"#23#Qué llantos son aquestos. Sonetto a la muerte de la sereníssirna princesa doña María, nuestra sefíora. Va a manera de diálogo","",4,3
3,89,3,"#25v#Si por amar el hombre. Soneto","",4,3
3,90,3,"#28#Por ásperos caminos. Soneto, letra de Garcilaso","",4,3
3,91,3,"#30v#Regia qui mesto. Versos a la muerte de la sereníssima princesa doña María, nuestra señora","",4,3
3,92,3,"#32v#Dulces exuuiae. Versos del quarto de Vergilio","",4,3
3,93,3,"#35#Beatus ille qui procul negociis. Verso en latin, de Hora[cio]","",4,3
3,94,3,"#35v#Hanc tua Penelope. Verso en latin, de Ouidio","",4,3
3,95,3,"#36#La vita fugge. Soneto en italiano, letra de Petrarca","",4,3
3,96,3,"#39#Lassato a yl Tago. Soneto","",4,3
3,97,3,"#41v#O gelosia, d’amanti. Soneto, letra de Sanazaro","",4,3
3,98,3,"#44#Itene al ombra. Soneto, letra de Sanazaro","",4,3
3,99,3,"#45#Dime a dó tienes las mientes. Villancico","",4,3
3,100,3,"#47v#Si me llaman, a mí llaman. Villancico","",4,3
3,101,3,"#50#Gentil cauallero. Villancico","",4,3
3,102,3,"#53#Isabel, perdiste la tu faxa. Villancico","",4,3
3,103,3,"#55#Si uiesse e me leuasse. Villancico","",4,3
3,104,3,"#56#Nisi Dominus edificauerit domum. Psalmo por el séptimo tono","",4,3
3,105,3,"#57#Exurge, quare obdormis Domine. Psalmo por el primer tono","",4,3
3,106,3,"","",0,3
3,107,3,"Grabado con el profeta Eliseo","",0,3
3,108,3,"Grabado con el lema «Ex bello pax, ex pace concordia, ex concordia musica constat»","",0,3
3,109,3,"Corrección por la qual podrán enmendar algunos herrores que en estos libros ay.","",0,3
3,110,3,"","",0,3
3,111,3,"Prólogo al Tiento de arpa u órgano","",0,3
3,112,3,"Grabado con el rey David","",0,3
3,113,3,"","",0,3
3,114,3,"ARPA U ÓRGANO SOLO","",0,3
3,115,3,"#61#Tiento","",5,3
3,116,3,"","",0,3
3,117,3,"Colofón","Acabóse la presente obra en la muy noble y leal Ciudad de Seuilla por Iuan de León, impressor a Sancta Marina en la calle Real, a siete días del mes de Deziembre, 1546.",0,4
3,118,3,"","",0,4
3,119,3,"Piezas manuscritas en el ejemplar de la Biblioteca Nacional de Madrid","",0,4
4,1,4,"Hoja de guarda","Pieza manuscrita en el ejemplar R. 14018: Tiento de los tonos. Fuenllana",0,0
4,2,4,"","",0,0
4,3,4,"Portada","Libro de música de vihuela, intitulado Silva de sirenas, en el qual se hallará toda diuersidad de música. Compuesto por Enrríquez de Valderráuano. Dirigido al Ilustrisimo señor don Francisco de Çúñiga, Conde de Miranda, Señor de las casas de Auellaneda y Baçán, &c. Con Privilegio Imperial.",0,0
4,4,4,"","",0,0
4,5,4,"","",0,0
4,6,4,"fol. A2. Licencia de impresión","",0,0
4,7,4,"fol. A2v. Dedicatoria: Al illustrisimo Sennor [sic] Don Francisco de Çúñiga, Conde de Miranda","",0,0
4,8,4,"fol. A3. Prólogo","",0,0
4,9,4,"fol. A3v. Musicae laus, Nullo authore","",0,0
4,10,4,"fol. A5. Epigrama latino: In Henrrici summi musici syrenas Epigramma","",0,0
4,11,4,"fol. A5. Relación de la obra","",0,0
4,12,4,"fol. A6v. Tabla","",0,0
4,13,4,"fol. 8v. De los tonos.","",0,0
4,14,4,"","",0,0
4,15,4,"","",0,0
4,16,4,"PRIMER LIBRO","",0,1
4,17,4,"VOZ (EN CIFRA) Y VIHUELA","",0,1
4,18,4,"#1#Fuga a tres, primero grado","La mayoría de los títulos completos, en toda la obra, aparecen o en el correspondiente folio, o en el índice general, fols. VIv-VIIIv, o en ambos, o parte en un sitio y parte en otro.",2,1
4,19,4,"#1v#Fuga a tres, primero grado","",2,1
4,20,4,"#1v#Agnus Dei a tres sobre mi fa re sol fa mi, primero grado","",2,1
4,21,4,"#2#Benedictus a tres, segundo grado","",2,1
4,22,4,"#2#Osanna a tres sobre el dicho mi fa re sol fa mi, segundo grado","",2,1
4,23,4,"#2v#Agnus Dei a quatro, tercero grado","",2,1
4,24,4,"#3v#Agnus Dei. Iosquin, a quatro, tercero grado","",2,1
4,25,4,"","",2,1
4,26,4,"fol. 5. Portadilla del Libro segundo","Comiença el Segvndo libro, de motetes y otras cosas para cantar y tañer contrabaxo y en otras partes, tenor.",2,1
4,27,4,"","",2,1
4,28,4,"SEGUNDO LIBRO","",2,2
4,29,4,"VOZ (EN CIFRA) Y VIHUELA","",2,2
4,30,4,"#5#Laudate Dominum omnes gentes, de Layole, segundo grado","",2,2
4,31,4,"#5v#2ª parte. Gloria Patri et Filio","",2,2
4,32,4,"#5v#O gloriosa Dei genitrix. Gombert, segundo grado","",2,2
4,33,4,"#6v#Beata quorum agmina, a quatro, segundo grado","",2,2
4,34,4,"#6v#Si bona suscepimus, a quatro, segundo grado","El fol. VII pone, por error, XII.",2,2
4,35,4,"#7v#Infirmitatem nostram. Verdelot, a quatro, tercero grado","",2,2
4,36,4,"#8#Repleti sunt quidem Spiritu Sancto. Verdelot, a quatro, tercero grado","",2,2
4,37,4,"#8v#Panis quem ego dabo. Lupus, a quatro, tercero grado","",2,2
4,38,4,"#9v#Hic precursor et dilectus. Gombert, a quatro, segundo grado","",2,2
4,39,4,"#10v#Exultet celum laudibus. Sepúlueda, a quatro, segundo grado","",2,2
4,40,4,"#10v#Aue Maria. Loiset, a cinco, tercero grado","",2,2
4,41,4,"#11v#Iesum queritis. Loyset, a quatro, tercero grado","",2,2
4,42,4,"#12#Tibi soli peccaui. Iaquet, a quatro, segundo grado","",2,2
4,43,4,"#13#Aparens Christus discipulis suis. Gomber, a cinco, tercero grado","",2,2
4,44,4,"#14#Veni in altitudinem maris. Iaquet, a cinco, tercero grado","",2,2
4,45,4,"#15#Nonne disimulaui? Morales, a quatro, segundo grado","",2,2
4,46,4,"#15v#Virgo prudentissima. Pieton, a quatro, segundo grado","",2,2
4,47,4,"#16v#Peccaui supra numerum. Adriano, a cinco, tercero grado","",2,2
4,48,4,"#17#Augustine lux doctorum. Adriano, a cinco, tercero grado","",2,2
4,49,4,"#17v#Aue Maria. Iosquin, a seys, tercero grado","",2,2
4,50,4,"#18v#Antequam comedam. Vicencio Ruffo, a cinco, tercero grado","",2,2
4,51,4,"#19v#Ay de mí, dize el buen padre. Historia de cómo Mathatías llora la destruyción de Hierusalem. A sonada de romance viejo, primero grado","",2,2
4,52,4,"#20#Adormido se á el buen viejo. Historia de cómo el propheta Helías huyó por el disierto. A sonada de romance viejo, dos diferencias, primero y tercero grado","",2,2
4,53,4,"#20v#En la ciudad de Betulia. Historia de Iudith quando siendo biuda degolló a Holofernes. A sonada de romance viejo, primero grado","",2,2
4,54,4,"#21#Laudate dominum Deum nostrum, segundo grado","",2,2
4,55,4,"#21v#De hazer lo que iuré. Proverbio, segundo grado","",2,2
4,56,4,"#21v#Auchelina vel auchelina. Soneto, primero grado","",2,2
4,57,4,"#22#Eulalia borgonela. Soneto, segundo grado","En la Tabla general, fol. VIv, los nos 33 y 34 aparecen como villancicos; allí mismo, el nº 34 figura como de primero grado.",2,2
4,58,4,"#22#¡O, que en la cumbre! Villancico, dos diferencias, segundo y tercero grado","",2,2
4,59,4,"#22v#Muera en las hondas. Villancico, primero grado","",2,2
4,60,4,"#22v#Corten espadas afiladas. Soneto a manera de ensalada, contrahecho al de Cepeda, segundo grado","",2,2
4,61,4,"#23#A monte sale el amor. Soneto, primero grado","En la Tabla general, fol. VIv, aparece como villancico.",2,2
4,62,4,"#23v#2ª diferencia. A los montes de Diana, segundo grado","",2,2
4,63,4,"#23v#¿De dónde venís, amore? Villancico, segundo grado","",2,2
4,64,4,"#24#Corona de más hermosas. Villancico, primero grado","",2,2
4,65,4,"#24#Desposósete tu amiga, Iuan pastor. Villancico, primero grado","",2,2
4,66,4,"#24#Rugier qual sempre fui. Soneto, primero grado","",2,2
4,67,4,"#24#¿Con qué la lavaré? Villancico, segundo grado","",2,2
4,68,4,"#24v#¿Cómo puedo yo biuir? Villancico, primero grado","",2,2
4,69,4,"#25#Las tristes lágrimas mías. Villancico, segundo grado","",2,2
4,70,4,"#25#Sea, quando recordares. Prouerbio sacado de la Sagrada Escriptura, tercero grado","En la Tabla general, fol. VII, aparece como villancico.",2,2
4,71,4,"#25v#Los braços traygo cansados. Romance, segundo grado","",2,2
4,72,4,"#26#Y arded, coraçón, arded. Villancico, primero grado","",2,2
4,73,4,"#26#Ya caualga Calaýnos. Romance, primero grado","",2,2
4,74,4,"#26v#La bella mal maridada. Villancico, segundo grado","",2,2
4,75,4,"#26v#¿Dónde son estas serranas? Villancico, primero grado","",2,2
4,76,4,"","",0,2
4,77,4,"fol. 26v. Portadilla del Libro tercero","Síguese el Tercero libro, el qual trata de motetes, Canciones, Villancicos, y otras cosas para cantar en falsete. Lo qual es muy prouechoso.",0,3
4,78,4,"","",0,3
4,79,4,"TERCERO LIBRO","",0,3
4,80,4,"VOZ (EN NOTACIÓN MENSURAL) Y VIHUELA","",0,3
4,81,4,"#27#Vita dulcedo. Motete de Lupus, segundo grado","",3,3
4,82,4,"#27v#2ª parte. Et Iesum","",3,3
4,83,4,"#28#3ª parte. O dulcis Virgo","",3,3
4,84,4,"#28#In te Domine speravi. Motete de Lupus, tercero grado","",3,3
4,85,4,"#29v#O quam suavis est. Motete, segundo grado","",3,3
4,86,4,"#30v#Hierusalem luge. Motete de Verdelot, segundo grado","",3,3
4,87,4,"#31#Cum invocarem. Motete de Verdelot, primero grado","",3,3
4,88,4,"#31v#Ut fidelium Propagatione. Motete de Miguel Ortiz, segundo grado","",3,3
4,89,4,"#32v#Hierusalem convertere ad Dominum. Lamentacion de Miguel Ortiz, segundo grado","",3,3
4,90,4,"#33#Se pur te guardo. Canción, primero grado","",3,3
4,91,4,"#34#Quid prodest ad surdus.Ouidii carmen, primero grado","",3,3
4,92,4,"#34#Se in me exstremo. Canción, primero grado","",3,3
4,93,4,"#35#Gloriarmi poss’io, donne. Canción de Verdelot, primero grado","",3,3
4,94,4,"#35v#Madonna, qual certezza. Canción de Verdelot, primero grado","",3,3
4,95,4,"#36v#Qui la dira. Canción de Verdelot, segundo grado","",3,3
4,96,4,"#37v#Madonna, non so dir tante parole. Canción de Verdelot, segundo grado","",3,3
4,97,4,"#38#Dormendo un giorno. Canción de Verdelot, segundo grado","",3,3
4,98,4,"#39#Vita de la mia vita. Canción de Verdelot, primero grado","",3,3
4,99,4,"#39v#2ª parte. Quel foco che m’acese","",3,3
4,100,4,"#40#Amor, tu say. Canción de Archadelt, primero grado","",3,3
4,101,4,"#41#Ytalia mia. Canción de Verdelot, segundo grado","",3,3
4,102,4,"#42v#Quién me otorgase, señora. Canción de Iuan Vázquez, segundo grado","",3,3
4,103,4,"#43#2ª parte. Y aunque mill años turases","",3,3
4,104,4,"#43v#Argimina nombre le dio. Canción de las reynas que fueron en España, de Anrríquez, contrahecha a otra francesa. Primero grado","",3,3
4,105,4,"#44#Señora si te olvidare. Canción de Anrríquez, primero grado","",3,3
4,106,4,"#44v#Jamás cosa que quisiesse. Canción de Anrríquez, primero grado","",3,3
4,107,4,"","",0,4
4,108,4,"fol. 45. Portadilla del Libro cuarto","1547. Comiençan las obras compuestas del quarto Libro para tañer dos iuntos en dos vihuelas, en quatro maneras de temples: en vnísonus, en tercera, en quarta, en quinta, lo qual es muy útil y prouechoso para gozar de la música, y orden de las bozes; ay guardas, y haspiraciones, las quales se aguardarán, como es vso en el canto de órgano.",0,4
4,109,4,"","",0,4
4,110,4,"QUARTO LIBRO","",0,4
4,111,4,"DOS VIHUELAS","",0,4
4,112,4,"#45v#Assiste parata, en vnisonus a cinco. Gombert, primero y segundo grado","En este libro están señalados, en cada pieza, los grados de las dos vihuelas.",4,4
4,113,4,"#46v#Et in spiritum sanctum de la missa sobre la canción mille regres, en vnisonus a seys. Morales, segundo grado","",4,4
4,114,4,"#47v#Petite camusete, canción en vnisonus a seys. Adriano, segundo grado","",4,4
4,115,4,"#48v#Conde Claros, en tercera menor a cinco. Anrríquez, primero y segundo grado","",4,4
4,116,4,"#49v#Andreas Christi famulus, en tercera menor a cinco. Morales, primero y segundo","",4,4
4,117,4,"#50v#Quanti mercenarij, en tercera menor a seis.  Morales, primero y segundo grado","En la Tabla general, fol. VIIv, por error, «a cinco».",4,4
4,118,4,"#51v#La primera parte del Credo de la missa de beata virgine, en quarta a cinco. Iosquin, primero y segundo grado","",4,4
4,119,4,"#52v#Cum sancto spiritu, en quarta a cinco. Morales, primero y segundo grado","",4,4
4,120,4,"#53v#Pater noster, en quarta a seys. Adriano, primero y segundo grado","",4,4
4,121,4,"#54v#Canción «Payne trabel», en quarta a seys. Mouton, primero y segundo grado","",4,4
4,122,4,"#55v#Canción de sibiuit, en quinta a seys. Adriano, primero y segundo grado","",4,4
4,123,4,"#57v #Obsecro te domina, en quinta a cinco. Josquin, primero y segundo grado","",4,4
4,124,4,"#58v#Contrapunto sobre el tenor de la baxa, en quinta a quatro. Anrríquez, primero y segundo grado","",4,4
4,125,4,"#60v#Inuiolata, en quinta a seys. Josquin, primero y segundo grado","",4,4
4,126,4,"#61v#Tercera parte. O benigna","",4,4
4,127,4,"#61v#Jubilate [Deo], en quinta a seys. Morales, primero y segundo grado","",4,4
4,128,4,"fol. 63. Portadilla del Libro quinto","Aqví comiença el qvinto libro, el qual trata de fantasías, assí sueltas como acomposturadas. Las primeras que se siguen son del primero grado, y por esto no ternán tanta música como las de adelante.",0,5
4,129,4,"QUINTO LIBRO","",0,5
4,130,4,"VIHUELA SOLA","",0,5
4,131,4,"#63v#Fantasía del quarto tono. Anrríquez, primero grado","",1,5
4,132,4,"#63v#Fantasía, primero grado","",1,5
4,133,4,"#64#Fantasía sobre un Benedictus del primero tono, primero grado","",1,5
4,134,4,"#64#Fantasía sobre la entrada de una Baxa. Tono mixto, segundo grado","",1,5
4,135,4,"#65#Fantasía del tercero tono. Tercero grado","",1,5
4,136,4,"#65v#Fantasía del primero tono. Tercero grado","",1,5
4,137,4,"#66v#Fantasía remedando en algunos pasos al Aspice de Gombert, segundo grado","En la Tabla general, fol. VIIv, tercero grado.",1,5
4,138,4,"#67v#Fantasía remedando a una Magnificat de Morales, que es al primer verso, y al tercero. Primero tono, segundo grado","En la Tabla general, fol. VIIv, tercero grado.",1,5
4,139,4,"#68#Fantasía contrahecha a otra estrangera. Otauo tono, tercero grado","En la Tabla general, fol. VIIv, segundo grado.",1,5
4,140,4,"#68v#Fantasía sobre un Pleni de contrapunto, segundo grado","En la Tabla general, fol. VIIv, tercero grado.",1,5
4,141,4,"#69#Fantasía contrahecha a una entrada de una Aue maristella. Quinto tono, segundo grado","",1,5
4,142,4,"#69v#Fantasía del quinto tono. Primero grado","",1,5
4,143,4,"#70#Fantasía de contrapunto. Quinto tono, segundo grado","",1,5
4,144,4,"#70#Fantasía contrahecha a la del Milanés. Quinto tono, tercero grado","",1,5
4,145,4,"#71#Fantasía remedando al motete de Gombert Inuiolata. Quinto tono, tercero grado","",1,5
4,146,4,"#71v#Fantasía sobre un benedictus de la misa de Mouton Tua est potentia. Séptimo tono, segundo grado","En la Tabla general, fol. VIIv, tercero grado.",1,5
4,147,4,"#72#Fantasía sobre la entrada de la gloria de la misa de Panis quem ego dabo. Séptimo tono, tercero grado","",1,5
4,148,4,"#73#Fantasía. Primero tono, primero grado","",1,5
4,149,4,"#73v#Fantasía remedada al chirie postrero de la misa de Iosquin, De beata virgine. Primero tono, segundo grado","",1,5
4,150,4,"#74#Fantasía sobre un Pleni de una misa de Bauldoin. Primero tono, segundo grado","",1,5
4,151,4,"#74v#Fantasía hecha sobre una entrada de una canción. Primero tono, tercero","",1,5
4,152,4,"#75v#Fantasía acomposturada de cierta parte de la missa de Aue maristella  de Iosquin. Primero tono, tercero grado","",1,5
4,153,4,"#76v#Fantasía del primero tono. Tercero grado","",1,5
4,154,4,"#77#Fantasía sobre un Quia fecit de contrapunto. Otauo tono, segundo grado","",1,5
4,155,4,"#77v#Fantasía del otauo tono. Segundo grado","",1,5
4,156,4,"#78#Fantasía del quinto tono. Primero grado","",1,5
4,157,4,"#78v#Fantasía contrahecha a otra de Francisco Milanés. Quinto tono, tercero grado","",1,5
4,158,4,"#79v#Fantasía remedando al motete de Queramus cum pastoribus. Quinto tono, tercero grado","",1,5
4,159,4,"#80#Fantasía sobre la segunda parte del dicho motete, Queramus cum pastoribus. Quinto tono, tercero grado","",1,5
4,160,4,"#80v#Fantasía de consonancia. Sexto tono, tercero grado","",1,5
4,161,4,"#81#Fantasía. Tono mixto, segundo grado","",1,5
4,162,4,"#81v#Fantasía del quarto tono. Tercero grado","",1,5
4,163,4,"#82#Fantasía. Tono mixto, tercero grado","",1,5
4,164,4,"","",0,6
4,165,4,"fol. 82v. Portadilla del Libro sexto","Libro sexto, el qval trata de partes de misas, dúos, canciones, y sonetos, algvnos fáciles de tañer, en el primero grado, a donde el qve no toviere mano hallará más facilidad que en otra parte del libro, salvo algvnas partes de misas, que son más dificultosas, qve es lo primero qve se sigve.",0,6
4,166,4,"","",0,6
4,167,4,"LIBRO SEXTO","",0,6
4,168,4,"VIHUELA SOLA","",0,6
4,169,4,"#83#Qui tollis de la misa de Pange lingua. Iosquin, tercero grado","",1,6
4,170,4,"#83v#Osana de Mouton. Segundo grado","",1,6
4,171,4,"#83v#Agnus Dei a tres. Morales, primero grado","",1,6
4,172,4,"#84#Agnus Dei de la misa de Gaudeamus. Iosquin, tercero grado","",1,6
4,173,4,"#84v#Cum sancto spiritu de la misa de Ad fugam. Iosquin, segundo grado","En la Tabla general, fol. VIII, tercero grado.",1,6
4,174,4,"#85#Cum sancto spiritu De beata virgine. Iosquin, tercero grado","",1,6
4,175,4,"#85v#Et incarnatus est de la misa de Faysan regres. Iosquin, tercero grado","",1,6
4,176,4,"#85v#Otra parte del credo de la dicha misa. Iosquin, tercero grado","",1,6
4,177,4,"#86#Crucifixus de la misa de Quem dicunt homines. Segundo grado","",1,6
4,178,4,"#86v#Et resurrexit. Dúo, primero grado","",1,6
4,179,4,"#86v#Benedictus. Dúo, primero grado","",1,6
4,180,4,"#86v#Pleni sunt. Dúo, primero grado","",1,6
4,181,4,"#87#Agnus Dei. Dúo, primero grado","",1,6
4,182,4,"#87#Pleni sunt. Dúo, primero grado","",1,6
4,183,4,"#87v#Per illud aue. Dúo de Iosquin, tercero grado","",1,6
4,184,4,"#87v#Et misericordia eius. Dúo, primero grado","",1,6
4,185,4,"#88#Soneto contrahecho a la sonada que dizen «Si tantos monteros», tercero grado","",1,6
4,186,4,"#88#Adiu mes amours. Canción, segundo grado","",1,6
4,187,4,"#88v#Diuiencela. Canción, segundo grado","",1,6
4,188,4,"#89#Teresica hermana. Canción, tercero grado","",1,6
4,189,4,"#89#Ami sufle. Canción, segundo grado","",1,6
4,190,4,"#89v#Soneto lombardo a manera de dança, primero grado","",1,6
4,191,4,"#90#Soneto, primero grado","",1,6
4,192,4,"#90v#Soneto, segundo grado","",1,6
4,193,4,"#90v#Soneto, primero grado","",1,6
4,194,4,"#90v#Soneto, primero grado","",1,6
4,195,4,"#90v#Soneto, tercero grado","",1,6
4,196,4,"#91#Soneto, primero grado","",1,6
4,197,4,"#91#Dichosa fue mi ventura. Soneto,  primero grado","En la Tabla general, fol. VIII, villancico.",1,6
4,198,4,"#91v#Soneto, primero grado","",1,6
4,199,4,"#91v#Soneto, primero grado","",1,6
4,200,4,"#92#Soneto, primero grado","",1,6
4,201,4,"#92#Soneto, primero grado","",1,6
4,202,4,"#92v#Soneto, tercero grado","",1,6
4,203,4,"#92v#Soneto, primero grado","",1,6
4,204,4,"#92v#Omni mal de amor procedi. Morales, segundo grado","En la Tabla general, fol. VIII, «Canción Omni mal de amor procede».",1,6
4,205,4,"#93#Soneto a sonada de «Lo que queda es lo seguro», primero grado","",1,6
4,206,4,"#93#Soneto, tercero grado","",1,6
4,207,4,"#93v#Soneto, tercero grado","Este Soneto no figura en la Tabla general, fol. VIII.",1,6
4,208,4,"#93v#Gentil galans. Soneto, segundo grado","En la Tabla general, fol. VIII, tercero grado.",1,6
4,209,4,"#93v#Soneto contrahecho a la sonada de «Benedicto sea el iorno», primero grado","",1,6
4,210,4,"#94#Soneto, primero grado","",1,6
4,211,4,"#94#Viva la Margarita. Soneto, segundo grado","",1,6
4,212,4,"","",0,7
4,213,4,"fol. 94v. Portadilla del Libro séptimo","Libro séptimo, el qual tracta de pauanas, y diferencias sobre guárdame las vacas, y para discantar sobre el conde claros, por dos partes, con otro discante fácil.",0,7
4,214,4,"","",0,7
4,215,4,"LIBRO SÉPTIMO","",0,7
4,216,4,"VIHUELA SOLA","",0,7
4,217,4,"#94v#Quatro diferencias sobre la pauana por grados. Primero, segundo y tercero grados","",1,7
4,218,4,"#95v#Tres diferencias sobre la dicha pauana por otro tono. Primero y segundo grados","",1,7
4,219,4,"#96v#Siete diferencias fáciles sobre «Guárdame las vacas». Primero, segundo y tercero grados","En la Tabla general, fol. VIIIv, primero y segundo grados.",1,7
4,220,4,"#97v#Diferencias sobre el tenor del Conde claros. Primero y segundo grados","",1,7
4,221,4,"#99v#Otras diferentes diferencias sobre el tenor del Conde claros, por otro tono. Las primeras diferencias, hasta venir los redobles, son del primero grado","",1,7
4,222,4,"#103#Sobre la pauana real. Segundo grado","",1,7
4,223,4,"","",0,7
4,224,4,"DOS VIHUELAS O VIHUELA Y GUITARRA","",0,7
4,225,4,"#103v#Música para discantar sobre un punto","Sin indicación de grado.",5,7
4,226,4,"","",0,8
4,227,4,"fol. 104v. Colofón","A gloria y alabança de nuestro Redemptor y Maestro Iesu Christo, y de su gloriosa madre. Fenesce el libro llamado Silua de sirenas. Compuesto por el excelente músico Anrríquez de Valderáuano. Dirigido al Ilustrissimo señor don Francisco de Çúñiga, Conde de Miranda, &c. Fue impresso en la muy insigne y noble villa de Valladolid, Pincia otro tiempo llamada, por Francisco Fernández de Córdoba, impresor, iunto a las Escuelas Mayores. Acabóse a veynte y ocho días del mes de Iulio deste año de 1547. Grabado con  el lema: Ne ingenium volitet, Paupertas deprimit ipsum.",0,8
4,228,4,"","",0,8
4,229,4,"Tres folios manuscritos después del colofón, en el ejemplar R. 14018.","",0,8
5,1,5,"Portada","Libro de música de vihuela, agora nuevamente compuesto por Diego Pisador, vezino de la ciudad de Salamanca, dirigido al muy alto y muy poderoso señor don Philippe, príncipe de Espana [sic], nuestro Señor. Con privilegio. Está tassado en [en blanco] marauedís. 1552.",0,0
5,2,5,"fol. A1v. Licencia de impresión y dedicatoria","",0,0
5,3,5,"fol. A2. Prólogo al lector prefacio","",0,0
5,4,5,"fol. A2v. Avisos al lector","",0,0
5,5,5,"fol. A3. Tabla","",0,0
5,6,5,"","",0,1
5,7,5,"LIBRO PRIMERO","",0,1
5,8,5,"VIHUELA SOLA","",0,1
5,9,5,"#1#Conde claros con ciertas diferencias","",1,1
5,10,5,"#2v #Las bacas con sus diferencias para discantar","",1,1
5,11,5,"#4#Pauana muy llana para tañer","",1,1
5,12,5,"#4#Dezilde al cauallero que [sic]","",1,1
5,13,5,"","",0,1
5,14,5,"VOZ (EN CIFRA) Y VIHUELA","",0,1
5,15,5,"#4v#A las armas, moriscote. Romance viejo","",2,1
5,16,5,"#4v#Guarte, guarte, el rey don Sancho. Romance viejo","",2,1
5,17,5,"#5#¡Quién huuiesse tal ventura! Romance viejo","",2,1
5,18,5,"#5v#La mañana de Sant Juan. Romance viejo","",2,1
5,19,5,"","",0,1
5,20,5,"VOZ (EN NOTACIÓN MENSURAL) Y VIHUELA","",0,1
5,21,5,"#5v#Passeávase el rey moro. Romance viejo","",3,1
5,22,5,"#6v#Para qué’s, dama, tanto quereros. Endechas de Canaria","",3,1
5,23,5,"#7#Passando el mar Leandro el animoso. Soneto","",3,1
5,24,5,"#7v #Flérida, para mí dulce y sabrosa. Soneto","",3,1
5,25,5,"","",0,1
5,26,5,"VIHUELA SOLA","",0,1
5,27,5,"#7v#Fantasía sobre la, sol, fa, re, mi, a tres bozes","",1,1
5,28,5,"#8#Fantasía llana a tres. Comiença el primer tono","",1,1
5,29,5,"","",0,1
5,30,5,"fol. 9. Portadilla del Libro segundo","Comiença el segvndo libro, que trata de villancicos a tres para cantar el que quisiere, y si no, tañerlos, y son para principiantes. Y otros a quatro bozes, también para tañer. Y otros que se cantan las tres bozes, y se canta el tiple que va apuntado encima.",0,2
5,31,5,"","",0,2
5,32,5,"VOZ (EN CIFRA) Y VIHUELA","",0,2
5,33,5,"#9#Si la noche haze escura. Villancico a tres","",2,2
5,34,5,"#9#Y con qué la lauaré. Villancico a tres","",2,2
5,35,5,"#9v #¡Quién tuuiesse tal poder! Villancico a tres","",2,2
5,36,5,"#10#Pártense partiendo yo. Villancico a tres","",2,2
5,37,5,"#10v#Pues te partes y te vas. Villancico a quatro","El título en el fol. 10r.",2,2
5,38,5,"#10v#No me llames sega la erua. Villancico a quatro de Iuan Vázquez","",2,2
5,39,5,"#11#Si te quitasse los hierros. Villancico a quatro","",2,2
5,40,5,"#11v#Si me llaman a mí llaman. Villancico a quatro de Iuan Vázquez","",2,2
5,41,5,"#12#En la fuente del rosel. Villancico a quatro de Iuan Vázquez","",2,2
5,42,5,"#12#Por vna vez que mis ojos alcé. Villancico a quatro de Iuan Vázquez","",2,2
5,43,5,"","",0,2
5,44,5,"VOZ (EN NOTACIÓN MENSURAL) Y VIHUELA","",0,2
5,45,5,"#12v#Aquellas sierras, madre. Villancico a quatro","",3,2
5,46,5,"#13#Gentil cauallero. Villancico a quatro","",3,2
5,47,5,"#14#Mal ferida va la Garça. Villancico a quatro","",3,2
5,48,5,"#14v#Si te vas a bañar, Juanica. Villancico a quatro","",3,2
5,49,5,"","",0,2
5,50,5,"VOZ (EN CIFRA) Y VIHUELA","",0,2
5,51,5,"#15#Pange lingua a trez bozes","",2,2
5,52,5,"#15v#Sacris solempniis","",2,2
5,53,5,"#16#Dixit Dominus Domino meo, del primer tono","",2,2
5,54,5,"#16v#Dixit Dominus Domino meo, del quarto tono","",2,2
5,55,5,"#16v#In exitu Israel de Egipto, tono irregular","",2,2
5,56,5,"","",0,3
5,57,5,"fol. 17. Portadilla del Libro tercero","Libro tercero de fantasías, por todos los tonos sobre passos remedados, ansí de a quatro bozes como de a tres. Y cántase la boz que va asseñalada de colorado. Es la claue de cesol fa ut la tercera en tercero traste, y otras sin passos remedados.",0,3
5,58,5,"","",0,3
5,59,5,"LIBRO TERCERO","",0,3
5,60,5,"VOZ (EN CIFRA) Y VIHUELA","",0,3
5,61,5,"#17#Fantasía del primer tono sobre la fa sol la re mi re","",2,3
5,62,5,"#17v#Fantasía sobre el seculorum del segundo tono: ut re ut fa mi ut re mi re","",2,3
5,63,5,"#18#Fantasía del tercero tono sobre mi la sol mi fa sol mi","El número de folio es, por error, 8.",2,3
5,64,5,"#18v#Fantasía del quarto tono sobre la sol fa re mi","",2,3
5,65,5,"#19v#Fantasía del quinto tono sobre fa fa sol mi fa re","El título en el fol. 19r.",2,3
5,66,5,"#20#Fantasía del sesto tono sobre fa mi re fa sol fa","",2,3
5,67,5,"#20v#Fantasía del séptimo tono sobre ut sol mi sol la sol","",2,3
5,68,5,"#21#Fantasía del octauo tono sobre sol mi fa sol mi re","",2,3
5,69,5,"#21v#Fantasía del primer tono sobre re mi fa sol mi re","",2,3
5,70,5,"#22#Fantasía del quarto tono sobre la sol la mi fa mi","",2,3
5,71,5,"#23#Fantasía a tres bozes del quarto tono sobre mi la sol mi fa mi","",2,3
5,72,5,"#23v#Fantasía a tres bozes del primer tono sobre re la fa sol la re","",2,3
5,73,5,"","",0,3
5,74,5,"VIHUELA SOLA","",0,3
5,75,5,"#24#Fantasía a tres sin paso ninguno","En el original, fol. Xxiiiii.",1,3
5,76,5,"#24v#Fantasía del primer tono a quatro","En el original, 'Fantasías del primer tono a quatro';se refiere a los n. 47 y 48.",1,3
5,77,5,"#25#Fantasía del primer tono a quatro","",1,3
5,78,5,"#26#Fantasía del quarto tono a quatro","",1,3
5,79,5,"#26v#Fantasía del sesto tono a quatro","",1,3
5,80,5,"#27#Fantasía del sesto tono a quatro","",1,3
5,81,5,"#27v#Fantasía del sesto tono a quatro","",1,3
5,82,5,"#28#Fantasía del séptimo tono a quatro","",1,3
5,83,5,"#28v#Fantasía del segundo tono a quatro","",1,3
5,84,5,"#29#Fantasía del otauo tono a quatro","",1,3
5,85,5,"#29v#Fantasía del otauo tono a quatro","",1,3
5,86,5,"#30#Fantasía del otauo tono a quatro","",1,3
5,87,5,"","",0,4
5,88,5,"fol. 31. Portadilla del Libro cuarto"," Libro qvarto, donde van quatro missas de Ivsqvin y algvnas cantadas, y a donde va la letra colorada es el canto llano que se ha de cantar, que es sobre que van las missas. Es la claue de cesol fa ut, la segunda en tercero traste.",0,4
5,89,5,"LIBRO QUARTO","",0,4
5,90,5,"VOZ (EN CIFRA) Y VIHUELA","",0,4
5,91,5,"#31#Missa de Iusquin, de Ercules dux ferrarie","",2,4
5,92,5,"#31#Primer Kirie","",2,4
5,93,5,"#31#Christe de la missa","",2,4
5,94,5,"#31v#Kirie postrero","",2,4
5,95,5,"#31v#Gloria de la missa","",2,4
5,96,5,"#32#Quitolis de la mesma gloria","",2,4
5,97,5,"#32v#Credo de la mesma missa de Ercules Dux ferrarie","",2,4
5,98,5,"#33v#Et incarnatus est","",2,4
5,99,5,"#34#Et in Spiritum, tercera parte del mesmo credo","",2,4
5,100,5,"#34v#Sanctus","",2,4
5,101,5,"#35#Benedictus a dúo","En el ejemplar R. 9280 el orden de los fols. Es, por error, 34, 36, 35; en el otro ejemplar de la Biblioteca Nacional de Madrid el orden es correcto.",2,4
5,102,5,"#35v#Agnus de la misma missa","",2,4
5,103,5,"","",0,4
5,104,5,"VIHUELA SOLA","",0,4
5,105,5,"#35v#Segundo agnus. Es a tres y no lleua canto llano y por esso no va asseñalado","",1,4
5,106,5,"","",0,4
5,107,5,"VOZ (EN CIFRA) Y VIHUELA","",0,4
5,108,5,"#36#Missa de Iusquin que va sobre fa re mi re","",2,4
5,109,5,"#36#Chirie","",2,4
5,110,5,"#36v#Christe de la misma missa","",2,4
5,111,5,"#36v#Chirie postrero desta missa","",2,4
5,112,5,"#36v#Gloria de la misma missa","",2,4
5,113,5,"#37#Qui tolis de la misma missa","",2,4
5,114,5,"#38#Credo de la misma missa","",2,4
5,115,5,"#38v#Et incarnatus de la misma missa","",2,4
5,116,5,"#38v#Et Spiritum Sanctum","",2,4
5,117,5,"#39v#Sanctus de la misma missa","",2,4
5,118,5,"#39v#Benedictus de la misma missa de Iusquin","",2,4
5,119,5,"#40#Osana","",2,4
5,120,5,"#40v#Agnus de la missa","",2,4
5,121,5,"VIHUELA SOLA","",0,4
5,122,5,"#40v#Pleni de la missa misma, a tres, y no lleua canto llano apuntado","",1,4
5,123,5,"#41#Missa de Iusquin de la fuga","",1,4
5,124,5,"#41#Primer Kirie","El título aparece en el fol. 77bisv (= 78v).",1,4
5,125,5,"#41#Christe","",1,4
5,126,5,"#41#Chirie postrero","",1,4
5,127,5,"#41v #Gloria de la misma missa de la fuga","",1,4
5,128,5,"#42#Qui tolis de la misma missa","",1,4
5,129,5,"#42v#Credo de la misma missa","",1,4
5,130,5,"#43#Et incarnatus de la misma missa","",1,4
5,131,5,"#44#Sanctus de la misma missa","",1,4
5,132,5,"#44v#Benedictus de la misma missa","",1,4
5,133,5,"#44v#Pleni de la misma missa","",1,4
5,134,5,"#45#Osana de la misma missa","",1,4
5,135,5,"#45v#Agnus de la misma missa de la fuga","",1,4
5,136,5,"#46#Missa de super bozes musicales. Iusquin","",1,4
5,137,5,"#46#Kirie","",1,4
5,138,5,"#46#Christe de la misma missa","",1,4
5,139,5,"#46v#Kirie postrero de la misma missa","",1,4
5,140,5,"#47#Gloria super bozes musicales","",1,4
5,141,5,"#47v#Qui tollis de la misma missa","",1,4
5,142,5,"#48v#Credo super bozes musicales","",1,4
5,143,5,"#49#Et incarnatus de la misma missa","",1,4
5,144,5,"#49v#Confiteor vnum baptismum","",1,4
5,145,5,"#50#Sanctus de la misma missa","",1,4
5,146,5,"#50v#Pleni a tres bozes de la misma missa","",1,4
5,147,5,"#51#Agnus de clama in excelsis de la misma missa super bozes musicales","",1,4
5,148,5,"#52#Benedictus de Iusquin de la missa de Fortuna desesperata [sic]","",1,4
5,149,5,"","",0,5
5,150,5,"fol. 53. Portadilla del Libro quinto","Libro qvinto, con otras qvatro missas de Ivsquin.",0,5
5,151,5,"","",0,5
5,152,5,"LIBRO QUINTO","",0,5
5,153,5,"VIHUELA SOLA","",0,5
5,154,5,"#53#Missa sobre la sol fa re mi de Iusquin","",1,5
5,155,5,"#53#Kirie","",1,5
5,156,5,"#53#Christe de la sol fa re mi","",1,5
5,157,5,"#53#Kirie postrero","",1,5
5,158,5,"#53v#Gloria de la sol fa re mi","",1,5
5,159,5,"#54#Qui tolis de la misma missa","",1,5
5,160,5,"#54v#Credo de la sol fa re mi","",1,5
5,161,5,"#55#Et incarnatus de la misma missa","",1,5
5,162,5,"#55#Crucifixus","",1,5
5,163,5,"#56v#Sanctus de la misma missa","En scordatura; la 6ª a la octava de la 4ª al aire.",1,5
5,164,5,"#56v#Benedictus","",1,5
5,165,5,"#57#In nomine Domini de la sol fa re mi","",1,5
5,166,5,"#57#Osana de la misma missa","",1,5
5,167,5,"#57v#Agnus de la misma missa","",1,5
5,168,5,"#57v#Missa de Iusquin de Gaudeamus","",1,5
5,169,5,"#57v#Kirie","",1,5
5,170,5,"#58#Christe","",1,5
5,171,5,"#58#Kirie postrero","",1,5
5,172,5,"#58v#Gloria de la misma missa","",1,5
5,173,5,"#59#Qui tolis de la misma missa","",1,5
5,174,5,"#59v#Credo de Gaudeamus de la misma missa","",1,5
5,175,5,"#60v#Et incarnatus de la misma missa","",1,5
5,176,5,"#61v#Et spiritum sanctum de la misma missa","",1,5
5,177,5,"#62v#Sanctus de la misma missa","",1,5
5,178,5,"#62v#Pleni de la misma missa","",1,5
5,179,5,"#63#Agnus de la misma missa","",1,5
5,180,5,"#63v#Missa de Iusquin de Aue maristella","",1,5
5,181,5,"#63v#Kirie","",1,5
5,182,5,"#63v#Christe de la misma missa","",1,5
5,183,5,"#63v#Kirie postrero","",1,5
5,184,5,"#64#Gloria de la misma missa","",1,5
5,185,5,"#64v#Qui tolis de la misma missa","",1,5
5,186,5,"#65#Credo de la misma missa","",1,5
5,187,5,"#65v#Et spiritum sanctum de la misma missa","",1,5
5,188,5,"#65v#Crucifixus","",1,5
5,189,5,"#66v#Sanctus de la misma missa","",1,5
5,190,5,"#66v#Pleni de la misma missa","",1,5
5,191,5,"#67#Osana de la misma missa","",1,5
5,192,5,"#67v#Agnus de la misma missa","",1,5
5,193,5,"#68#Missa de Iusquin De beata virgen [sic]","",1,5
5,194,5,"#68#Kirie","",1,5
5,195,5,"#68#Christe","",1,5
5,196,5,"#68#Kirie postrero","",1,5
5,197,5,"#68v#Gloria de beata virgen de la misma missa","",1,5
5,198,5,"#69v#Qui tolis de la misma missa","",1,5
5,199,5,"#70v#Cum sancto spiritu de la misma missa","",1,5
5,200,5,"#70v#Credo de beata virgen, a cinco, por otra parte","",1,5
5,201,5,"#71v#Crucifixus del mismo credo","",1,5
5,202,5,"#72#Et spiritum sanctum de la misma missa","",1,5
5,203,5,"#72v#Sanctus de la misma missa, a cinco bozes","",1,5
5,204,5,"#73#Pleni a cinco de la misma missa","",1,5
5,205,5,"#73#Agnus de la misma missa de beata virgen, a cinco","",1,5
5,206,5,"#73v#Pleni de Iusquin de la missa de Fortuna desesperata [sic]","",1,5
5,207,5,"","",0,6
5,208,5,"fol. 75. Portadilla del Libro sexto","Libro sexto, qve tracta de motetes, a qvatro y a cinco y a ocho bozes, de famosissimos authores. Dellos van cantados y va la letra que se canta, la boz va asseñalada de colorado, y es la claue de cesol fa ut la tercera en primero traste.",0,6
5,209,5,"","",0,6
5,210,5,"LIBRO SEXTO","",0,6
5,211,5,"VOZ (EN CIFRA) Y VIHUELA","",0,6
5,212,5,"#75#In principio erat verbum. Motete de Iusquin, a quatro","",2,6
5,213,5,"#75v#Fuit homo missus. Motete de Gombert a quatro bozes","",2,6
5,214,5,"#76#Aue maria. Motete de Adrianus de Vilart, a quatro bozes","",2,6
5,215,5,"#77#Pater noster. Motete de Adrianus de Villart, a quatro","",2,6
5,216,5,"#78#Tota pulchra. Motete de Iusquin, a quatro","Los fols. 78 y 79 están numerados como 77 y 78, es decir, el nº de fol. 77 aparece dos veces.",2,6
5,217,5,"#79#Dum complerentur. Motete de Basurtu, a quatro bozes","El título aparece en el fol. 77bisv (= 78v).",2,6
5,218,5,"#79v#Qui seminant in lachrymis. Motete de Gombert, a quatro","",2,6
5,219,5,"#80#Queramus cum pastoribus. Motete de Iuan Monton, a quatro","",2,6
5,220,5,"#81#Miserere mei Deus. Motete de Iusquin, a cinco","El título en el fol. 5r.",2,6
5,221,5,"","",0,6
5,222,5,"VIHUELA SOLA","",0,6
5,223,5,"#82#Decendid [sic] angelus. Motete de Morales, a quatro","",1,6
5,224,5,"#83#Angelus Domini. Motete de Basurto, a quatro bozes","",1,6
5,225,5,"#83v#Segunda parte deste motete","",1,6
5,226,5,"#84#Salue a cinco bozes, Jusquin","",1,6
5,227,5,"","",0,6
5,228,5,"VOZ (EN NOTACIÓN MENSURAL) Y VIHUELA","",0,6
5,229,5,"#85#Tulerunt Dominum. Motete de Gombert, a ocho","",3,6
5,230,5,"","",0,7
5,231,5,"fol. 87. Portadilla del Libro séptimo","Libro séptimo, qve trata de villanescas a tres y a quatro bozes, y dellas las tres tañidas y la otra boz cantada por de fuera, y canciones Francesas, y las primeras que son de a tres bozes son para principiantes.",0,7
5,232,5,"","",0,7
5,233,5,"LIBRO SÉPTIMO","",0,7
5,234,5,"VIHUELA SOLA","",0,7
5,235,5,"#87#O dulce vita mea, a tres bozes","",1,7
5,236,5,"#87#Toti voria contar, villanesca a tres","",1,7
5,237,5,"#87v#Quanto de vele, villanesca a tres bozes","",1,7
5,238,5,"#87v#Ma dona mala vostra, villanesca a tres bozes","",1,7
5,239,5,"#88#La cortesia, villanesca a tres bozes","El título aparece en el fol. 87v.",1,7
5,240,5,"#88#Tutta tutta sarissi, villanesca a tres bozes","",1,7
5,241,5,"","",0,7
5,242,5,"VOZ (EN NOTACIÓN MENSURAL) Y VIHUELA","",0,7
5,243,5,"#88v#Sempre me fingo, villanesca a quatro bozes","",3,7
5,244,5,"#89#A quand’a quand’haueua, villanesca a quatro","",3,7
5,245,5,"#89v#Lagrime mesti & voi sospir dolenti, villanesca a quatro","",3,7
5,246,5,"#90#Madonna mia, famme bona offerta, villanesca a quatro","",3,7
5,247,5,"#90v#O bene mio, famm’vno fauore, villanesca a quatro","",3,7
5,248,5,"","",0,7
5,249,5,"VIHUELA SOLA","",0,7
5,250,5,"#91#Canción francesa, Mon pere aussi ma mere ma voulu marier","",1,7
5,251,5,"#91v#Que faran del pobre Ian, a quatro","",1,7
5,252,5,"#92v#Canción Francesa Sparsi sparcium, a quatro","Los fols. 92 y 93 están numerados, ambos, con el nº 85.",1,7
5,253,5,"#93#Vostra fui. Madrigal a quatro bozes","",1,7
5,254,5,"","",0,8
5,255,5,"Colofón","A gloria y alabança de nuestro redemptor Iesu Christo y de su gloriosa madre. Eenesce [sic] el presente libro de Cifra para tañer Vihuela. Hecho por Diego Pisador vezino de Salamanca y impresso en su casa. Acabóse año del nascimiento de nuestro redemptor Iesu Christo. De mil & quinientos y cinquenta y dos Años.",0,8
6,1,6,"Portada","Libro de música para vihuela, intitulado Orphénica Lyra. En el qual se contienen muchas y diuersas obras. Compuesto por Miguel de Fuenllana. Dirigido al muy alto y muy poderoso señor don Philippe, príncipe de España, Rey de Ynglaterra, de Nápoles, &c., nuestro señor. Con privilegio real. 1554. Tassado en veynte y ocho reales.",0,0
6,2,6,"fol. +2. Licencia de impresión ","",0,0
6,3,6,"fol. +2v. Dedicatoria","",0,0
6,4,6,"fol. +3. Prólogo al lector ","",0,0
6,5,6,"fol. +4v. Avisos y documentos","",0,0
6,6,6,"fol. +5. Del orden y fantasías que en este libro se ponen","",0,0
6,7,6,"fol. +5v. De los redobles","",0,0
6,8,6,"fol. +6. Del tañer con limpieza","",0,0
6,9,6,"fol. +6v. De los tonos","",0,0
6,10,6,"fol. +7. Al lector","",0,0
6,11,6,"fol. +7v. Declaración de la cifra","",0,0
6,12,6,"fol. fol. +8v. Tablas de los libros","",0,0
6,13,6,"fol. +10. Poesías laudatorias ","",0,0
6,14,6," "," ",0,0
6,15,6,"LIBRO PRIMERO","",0,1
6,16,6,"VIHUELA SOLA"," ",0,1
6,17,6,"#1#Pleni sunt coeli. Dúo de la missa de Hercules, de Iosquin ","",1,1
6,18,6,"#1v#Benedictus. Dúo de la missa Pange lingua, de Iosquin ","",1,1
6,19,6,"#2#Suscepit Israel. Dúo de Morales","",1,1
6,20,6,"#2#Si amores me han de matar. Dúo de Flecha","",1,1
6,21,6,"#2v#Dúo contrapunto del author sobre el tiple deste villancico","",1,1
6,22,6,"#3#Suscepit Israel. Dúo de Guerrero","",1,1
6,23,6,"#3v#Fecit potentiam. Dúo de Francisco Guerrero","",1,1
6,24,6,"#4#Fecit potentiam. Dúo de Iosquin","",1,1
6,25,6,"#4#Dúo de Fuenllana","",1,1
6,26,6,"#5#Fecit potentiam. Dúo de Morales ","",1,1
6,27,6," ","",0,1
6,28,6,"VOZ (EN CIFRA) Y VIHUELA","",0,1
6,29,6,"#5v#Et ascendit in coelum, a tres, de la Missa Benedicta es coelorum Regina, de Morales","El título en el fol. 5r",2,1
6,30,6,"VIHUELA SOLA","",0,1
6,31,6,"#6#Fantasía del author","",1,1
6,32,6,"","",0,1
6,33,6,"VOZ (EN CIFRA) Y VIHUELA","",0,1
6,34,6,"#7#Benedictus de la missa de Gaude Barbara, a tres, de Morales","",2,1
6,35,6,"VIHUELA SOLA","",0,1
6,36,6,"#7v#Fantasía del author","",1,1
6,37,6,"","",0,1
6,38,6,"VOZ (EN CIFRA) Y VIHUELA","",0,1
6,39,6,"#8v#Et resurrexit de la missa de Lomme arme, a tres, de Morales","",2,1
6,40,6,"VIHUELA SOLA","",0,1
6,41,6,"#9#Fantasía del author","",1,1
6,42,6,"","",0,1
6,43,6,"VOZ (EN CIFRA) Y VIHUELA","",0,1
6,44,6,"#10#Crucifixus de la missa Tu es vas electionis, a tres, de Morales","",2,1
6,45,6,"VIHUELA SOLA","",0,1
6,46,6,"#10v#Fantasía del author","",1,1
6,47,6,"","",0,1
6,48,6,"VOZ (EN CIFRA) Y VIHUELA","",0,1
6,49,6,"#11v#Agnus Dei de la missa de Aue maria, a tres, de Morales","",2,1
6,50,6,"VIHUELA SOLA","",0,1
6,51,6,"#12#Fantasía del author","",1,1
6,52,6,"","",0,1
6,53,6,"VOZ (EN CIFRA) Y VIHUELA","",0,1
6,54,6,"#13#Deposuit potentes, a tres, de Morales","",2,1
6,55,6,"VIHUELA SOLA","",0,1
6,56,6,"#13#Fantasía del author","",1,1
6,57,6,"","",0,1
6,58,6,"fol. 14. Portadilla del Libro segundo","Orphénica Lyra, Libro Segvndo, en que se ponen motetes a quatro, de famosos authores. Assí mismo fantasías a quatro de el author, por el orden ya  dicho. Labor omnia vincit",0,2
6,59,6,"","",0,2
6,60,6,"LIBRO SEGUNDO","",0,2
6,61,6,"VOZ (EN CIFRA) Y VIHUELA","",0,2
6,62,6,"#14v#Hodierna lux, motete a quatro de Lupus. D","",2,2
6,63,6,"#15v#Secunda pars, Ave Domina coelorum","",2,2
6,64,6,"VIHUELA SOLA","",0,2
6,65,6,"#17#Fantasía del author. D","",1,2
6,66,6,"","",0,2
6,67,6,"VOZ (EN CIFRA) Y VIHUELA","",0,2
6,68,6,"#18v#Qui confidunt in Domino, motete a quatro de Lirithier","En el título: «Motetes a quatro de Lupus», pero atribuido a Lirithier en la Tabla de los libros y en el encabezado de los fols. 19 (r  y v), 20 (r  y v) y 21v.",2,2
6,69,6,"#20#Secunda pars, Benefac Domine","",2,2
6,70,6,"VIHUELA SOLA","",0,2
6,71,6,"#21v#Fantasía del author. D","",1,2
6,72,6,"","",0,2
6,73,6,"VOZ (EN CIFRA) Y VIHUELA","",0,2
6,74,6,"#23#Letentur omnes, motete a quatro de Lupus","",2,2
6,75,6,"#24#Secunda pars, Hec Maria fuit","",2,2
6,76,6,"VIHUELA SOLA","",0,2
6,77,6,"#24v#Fantasía del author. D","",1,2
6,78,6,"","",0,2
6,79,6,"VOZ (EN CIFRA) Y VIHUELA","",0,2
6,80,6,"#25v#Cum appropinquasset, motete a quatro de Gascon. F","",2,2
6,81,6,"VIHUELA SOLA","",0,2
6,82,6,"#26v#Fantasía del author. F","",1,2
6,83,6,"","",0,2
6,84,6,"VOZ (EN CIFRA) Y VIHUELA","",0,2
6,85,6,"#27v#Parce domine, motete a quatro de Gombert. D","",2,2
6,86,6,"VIHUELA SOLA","",0,2
6,87,6,"#29#Fantasía del author. D","",1,2
6,88,6,"","",0,2
6,89,6,"VOZ (EN CIFRA) Y VIHUELA","",0,2
6,90,6,"#30v#Inter natos mulierum, motete a quatro de Morales. D","",2,2
6,91,6,"VIHUELA SOLA","",0,2
6,92,6,"#31v#Fantasía del author. D","",1,2
6,93,6,"","",0,2
6,94,6,"VOZ (EN CIFRA) Y VIHUELA","",0,2
6,95,6,"#32v#O regem coeli, motete a quatro de Andrés de Silva. F","",2,2
6,96,6,"#33v#Secunda pars, Saluator qui est Christus","",2,2
6,97,6,"VIHUELA SOLA","",0,2
6,98,6,"#34#Fantasía del author. F","",1,2
6,99,6,"","",0,2
6,100,6,"VOZ (EN CIFRA) Y VIHUELA","",0,2
6,101,6,"#35#Ave maria, motete a quatro de Adrian Villart.","En el título y en la Tabla de los libros sólo aparece «Adrian» como autor; en el encabezado del fol. 35, Adrian Villar», y en el del fol. 36, «Adrian Villart».",2,2
6,102,6,"VIHUELA SOLA","",0,2
6,103,6,"#36#Fantasía del author remedando esta Aue maria. D","",1,2
6,104,6,"","",0,2
6,105,6,"VOZ (EN CIFRA) Y VIHUELA","",0,2
6,106,6,"#37#Super flumina Babilonis, motete a quatro de Gombert. D","",2,2
6,107,6,"VIHUELA SOLA","",0,2
6,108,6,"#39#Fantasía del author. D","",1,2
6,109,6,"","",0,2
6,110,6,"VOZ (EN CIFRA) Y VIHUELA","",0,2
6,111,6,"#40v#Benedictus de la missa de Lome arme, a quatro, de Morales. F","",2,2
6,112,6,"VIHUELA SOLA","",0,2
6,113,6,"#41v#Fantasía del author. F","",1,2
6,114,6,"","",0,2
6,115,6,"VOZ (EN CIFRA) Y VIHUELA","",0,2
6,116,6,"#42#Ave sanctissima Maria, motete a quatro de Gombert. F","",2,2
6,117,6,"VIHUELA SOLA","",0,2
6,118,6,"#44#Fantasía del author. D","",1,2
6,119,6,"","",0,2
6,120,6,"VOZ (EN CIFRA) Y VIHUELA","",0,2
6,121,6,"#45#O quam pulchra es, motete a quatro de Gombert. F","",2,2
6,122,6,"VIHUELA SOLA","",0,2
6,123,6,"#46v#Fantasía del author. F","",1,2
6,124,6,"","",0,2
6,125,6,"VOZ (EN CIFRA) Y VIHUELA","",0,2
6,126,6,"#47v#Sancta et inmaculata [sic], motete a quatro de Morales. F","",2,2
6,127,6,"#48v#Secunda pars, Benedicta tu in mulieribus","",2,2
6,128,6,"VIHUELA SOLA","",0,2
6,129,6,"#49v#Fantasía del author. F","",1,2
6,130,6,"","",0,2
6,131,6,"VOZ (EN CIFRA) Y VIHUELA","",0,2
6,132,6,"#50#Domine pater, motete a quatro de Gombert. F","",2,2
6,133,6,"VIHUELA SOLA","",0,2
6,134,6,"#51v#Fantasía del author. F","",1,2
6,135,6,"","",0,2
6,136,6,"VOZ (EN CIFRA) Y VIHUELA","",0,2
6,137,6,"#52v#Sancte Alfonse, motete a quatro de Gombert. F","",2,2
6,138,6,"VIHUELA SOLA","",0,2
6,139,6,"#54#Fantasía del author. F","",1,2
6,140,6,"","",0,2
6,141,6,"VOZ (EN CIFRA) Y VIHUELA","",0,2
6,142,6,"#55#Benedictus de la missa Benedicta es cœlorum regina, a quatro, de Morales. D","",2,2
6,143,6,"VIHUELA SOLA","",0,2
6,144,6,"#55v#Fantasía del author. F","",1,2
6,145,6,"","",0,2
6,146,6,"VOZ (EN CIFRA) Y VIHUELA","",0,2
6,147,6,"#57#Veni Domine, motete a quatro de Morales. D","",2,2
6,148,6,"VIHUELA SOLA","",0,2
6,149,6,"#58#Fantasía del author; va remedado a este motete.","",1,2
6,150,6,"","",0,2
6,151,6,"fol. 59. Portadilla del Libro tercero","Libro tercero. En el qual se contienen motetes a cinco y seys bozes de muy excellentes authores. Laudate Deum in cithara: laudate Deum chordis, & organo.",0,3
6,152,6,"","",0,3
6,153,6,"LIBRO TERCERO","",0,3
6,154,6,"VOZ (EN CIFRA) Y VIHUELA","",0,3
6,155,6,"#59v#Aspice Domine, motete a cinco de Iaquet. D","",2,3
6,156,6,"#61v#Si bona suscepimus, motete a cinco de Verdelot. D","",2,3
6,157,6,"#63#Verbum inicuum, motete a cinco de Morales. D","",2,3
6,158,6,"#64#Lamentabatur Jacob, motete a cinco de Morales. D","",2,3
6,159,6,"#65v#Lauda Syon saluatorem, motete a cinco de Gombert. F","",2,3
6,160,6,"","",0,3
6,161,6,"DOS VOCES (UNA EN NOTACIÓN MENSURAL Y OTRA EN CIFRA) Y VIHUELA","",0,3
6,162,6,"#67#Virgo Maria speciosissima, motete a cinco de Morales. D","",3,3
6,163,6,"#68v#Secunda pars, Virgo Maria virga Iesse","",3,3
6,164,6,"","",0,3
6,165,6,"VOZ (EN CIFRA) Y VIHUELA","",0,3
6,166,6,"#70#O beata Maria, motete a cinco de Gombert. D","",2,3
6,167,6,"#71#Germinauit radix Iesse, motete a cinco de Gombert. D","",2,3
6,168,6,"#72#O felix Anna, motete a cinco de Gombert. F","",2,3
6,169,6,"","",0,3
6,170,6,"DOS VOCES (UNA EN NOTACIÓN MENSURAL Y OTRA EN CIFRA) Y VIHUELA","",0,3
6,171,6,"#73v#Credo de la missa De beata virgine, a cinco, de Iosquin.","En la Secunda pars la vihuela dobla, además, la voz que está en notación mensural. Cf. las indicaciones del autor en el fol. 73v",3,3
6,172,6,"#76#Secunda pars, Crucifixus","",3,3
6,173,6,"","",0,3
6,174,6,"VOZ (EN NOTACIÓN MENSURAL) Y VIHUELA","",0,3
6,175,6,"#77#Lamentación a cinco de Morales","",4,3
6,176,6,"","",0,3
6,177,6,"DOS VOCES (UNA EN NOTACIÓN MENSURAL Y OTRA EN CIFRA) Y VIHUELA","",0,3
6,178,6,"#81v#Jubilate Deo, motete a seys de Morales.  D","Indicaciones del autor en el fol. 81r.",3,3
6,179,6,"#82v#Secunda pars, O felix aetas","",3,3
6,180,6,"#83v#Agnus Dei de la missa de Si bona suscepimus, a seys, de Iaquet","",3,3
6,181,6,"","",0,3
6,182,6,"VOZ (EN CIFRA) Y VIHUELA","",0,3
6,183,6,"#85#Benedicta es coelorum regina, motete a seys de Iosquin. D","",2,3
6,184,6,"","",0,3
6,185,6,"DOS VOCES (UNA EN NOTACIÓN MENSURAL Y OTRA EN CIFRA) Y VIHUELA","",0,3
6,186,6,"#86v#Manus tuae Domine, motete a seys de Morales","La atribución a Morales sólo aparece en la Tabla de los libros y en el encabezado del fol. 82v; bajo la notación mensural se lee «Magnus tuas»; y bajo la tablatura, «Magnus tue». En la Tabla, «Manus tue».",3,3
6,187,6,"","",0,3
6,188,6,"VOZ (EN CIFRA) Y VIHUELA","",0,3
6,189,6,"#88#Praeter rerum seriem, motete a seys de Iosquin. D","",2,3
6,190,6,"","",0,3
6,191,6,"fol. 89v. Portadilla del Libro cuarto","Libro qvarto en el qual se ponen algunas partes de Missas, Hymnos, Fantasías, Fauordones con otras obras compuestas. Delphinas mulsit vocalis Arion in vndis. Haec Orphaea chelys pectora nostra rapit.",0,4
6,192,6,"","",0,4
6,193,6,"","",0,4
6,194,6,"LIBRO CUARTO","",0,4
6,195,6,"VOZ (EN CIFRA) Y VIHUELA","",0,4
6,196,6,"#90#Qui tollis peccata, segunda parte de la gloria de la missa de La sol fa re mi, a quatro, de Iosquin. F","",2,4
6,197,6,"#91#Agnus Dei de la missa Lomme Arme, a quatro, de Morales. D","",2,4
6,198,6,"#91v#Et in terra pax, primera parte de la Gloria de la missa de Faysan regres, a quatro, de Iosquin. D","",2,4
6,199,6,"#92#Primero kyrie de la missa de Faisan regres, a quatro, de Josquin. D","",2,4
6,200,6,"#92v#Postrero kyrie de la missa de Faysan regres, a quatro, de Josquin. F","",2,4
6,201,6,"#93#Primero kyrie de la missa de La sol fa re mi, a quatro, de Iosquin.  D","El título en el fol. 92v.",2,4
6,202,6,"#93#Christe de la missa de La sol fa re mi, a quatro, de Iosquin. F","",2,4
6,203,6,"#93v#Postrero kyrie de la misma missa, a quatro, de Iosquin. F","",2,4
6,204,6,"#94#Pange lingua, a quatro, de Guerrero. D","",2,4
6,205,6,"#94v#Pange lingua, a tres, de Guerrero. F","",2,4
6,206,6,"#95v#Sacris solemniis, a tres, de Guerrero. F","",2,4
6,207,6,"#96#Sacris solemniis, una boz de contrapunto sobre el canto llano, del author","En la Tabla, «Fuenllana».",2,4
6,208,6,"","",0,4
6,209,6,"DOS VOCES (UNA EN NOTACIÓN MENSURAL Y OTRA EN CIFRA) Y VIHUELA","",0,4
6,210,6,"#96v#Pater noster, a quatro, de Guerrero"," La atribución a Guerrero aparece sólo en la Tabla, fol. +9r, y en el encabezado de los fols. 92r a 93r.",3,4
6,211,6,"","",0,4
6,212,6,"VIHUELA SOLA","",0,4
6,213,6,"#98v#Fantasía primera del author.  D","El título en el fol. 98r. La numeración de las trece fantasías, nos 82 a 94, aparece sólo en la Tabla, fol. +9r.",1,4
6,214,6,"#99#Fantasía segunda del author. D","",1,4
6,215,6,"#99v#Fantasía tercera del author. D","",1,4
6,216,6,"#100v#Fantasía quarta del author. F","",1,4
6,217,6,"#101v#Fantasía quinta del author. F","",1,4
6,218,6,"#102#Fantasía sexta del author. F","",1,4
6,219,6,"#102v#Fantasía séptima del author. F","",1,4
6,220,6,"#103#Fantasía octaua del author. F","",1,4
6,221,6,"#103v#Fantasía nona del author. F","",1,4
6,222,6,"#104v#Fantasía décima, del sexto tono, del author","Las sextas cuerdas un tono bajo.",1,4
6,223,6,"#105#Fantasía vndécima, del sexto tono, sobre un passo forçado: ut re mi fa sol la, del autor. D","",1,4
6,224,6,"#106#Fantasía duodécima, del sexto tono, del author","",1,4
6,225,6,"#106v#Fantasía décima tercia del author. D","",1,4
6,226,6,"","",0,4
6,227,6,"VOZ (EN CIFRA) Y VIHUELA","",0,4
6,228,6,"#107v#Ave maris stella, a quatro, del author. D","",2,4
6,229,6,"#108#Benedictus de la missa de Mila [sic] regres, a tres, de Morales. F","",2,4
6,230,6,"#108v#Donec ponam inimicos tuos. Los ochos tonos en fabordón, compuestos por  Francisco Guerrero. Primero tono","",2,4
6,231,6,"#109#Donec ponam. Segundo tono. Guerrero","",2,4
6,232,6,"#109#Donec ponam. Tercero tono. Guerrero","",2,4
6,233,6,"#109v#Donec ponam. Quarto tono. Guerrero","",2,4
6,234,6,"#109v#Donec ponam. Quinto tono. Guerrero","",2,4
6,235,6,"#110#Donec ponam. Sexto tono. Guerrero","",2,4
6,236,6,"#110v#Sicut erat in principio. Este verso es a cinco.Guerrero. D","",2,4
6,237,6,"#111#Magna opera Domine [sic]. Sétimo tono. Guerrero","",2,4
6,238,6,"#111#Quoniam confortauit. Octauo tono. Guerrero","",2,4
6,239,6,"","",0,4
6,240,6,"fol. 111v. Portadilla del Libro quinto","Orphenica lyra, Libro Qvinto, en el qual se contienen estrambotes a cinco y a quatro, Sonetos y Madrigales, en lengua Castellana, villancicos a tres y a quatro. Villanescas y Romances viejos.",0,5
6,241,6,"","",0,5
6,242,6,"LIBRO QUINTO","",0,5
6,243,6,"VOZ (EN CIFRA) Y VIHUELA","",0,5
6,244,6,"#112#Come havro dunque, strambote a cinco de Verdeloth. D","",2,5
6,245,6,"#112#Secunda pars, Deh deh vi fusse sin notta","",2,5
6,246,6,"#113#Se le interna mia, strambote a cinco de Archadelt","",2,5
6,247,6,"#114#Amor farme yl peggio che fay, strambote a cinco de Constanzo Festa","Las sextas cuerdas un tono bajo.",2,5
6,248,6,"","",0,5
6,249,6,"DOS VOCES (UNA EN NOTACIÓN MENSURAL Y OTRA EN CIFRA) Y VIHUELA","",0,5
6,250,6,"#114v#Signora Iulia, strambote a cinco de Verdelot. D","",3,5
6,251,6,"","",0,5
6,252,6,"VOZ (EN CIFRA) Y VIHUELA","",0,5
6,253,6,"#116#Madonna per voi ardo, strambote a quatro de Laurus. D","",2,5
6,254,6,"#116v#Liete madonne, strambote a quatro de Laurus. D","",2,5
6,255,6,"#117v#Quanto sia liet’il giorno, strambote a cinco de Verdeloth. D","",2,5
6,256,6,"#118#Tan que vivray, strambote a quatro. F","",2,5
6,257,6,"","",0,5
6,258,6,"VIHUELA SOLA","",0,5
6,259,6,"#118v#Glosa sobre la misma canción","",1,5
6,260,6,"","",0,5
6,261,6,"VOZ (EN CIFRA) Y VIHUELA","",0,5
6,262,6,"#119#O sio potessi dona, strambote a quatro de Archadelt. F","",2,5
6,263,6,"#119v#Bella floretta, strambote a quatro de Archadelt. F","",2,5
6,264,6,"#120v#O felici occhi miei, strambote a quatro de Archadelt","",2,5
6,265,6,"#121#Il bianco e dolce cigno, strambote a quatro de Archadelt. D","",2,5
6,266,6,"#121v#Occhi miei lassi, strambote a quatro de Archadelt","",2,5
6,267,6,"#122#Secunda pars, Morte puo chiuder","",2,5
6,268,6,"#122v#O io mi pensai, strambote a quatro de Arcadelt. D","",2,5
6,269,6,"#123v#¡O, más dura que mármol a mis quexas!, soneto a quatro de Pedro Guerrero. F","",2,5
6,270,6,"#124v#Secunda pars, Tu dulce habla","",2,5
6,271,6,"#125v#¿Quien podrá creer que yo jamás reposo?, soneto a tres de Pedro Guerrero. F","",2,5
6,272,6,"#126#Passando el mar Leandro el animoso, soneto a quatro de Pedro Guerrero. D","",2,5
6,273,6,"#127#¿Por dó començaré mi triste  llanto?, soneto a quatro de Pedro Guerrero. F","",2,5
6,274,6,"#128#D’vn spiritu triste y sin consuelo, soneto a quatro de Pedro Guerrero. F","",2,5
6,275,6,"#128v#Amor es voluntad dulce y sabrosa, soneto a quatro de Pedro Guerrero. F","",2,5
6,276,6,"#129v#Mi coraçón fatigado, madrigal a quatro de Pedro Guerrero. F","",2,5
6,277,6,"#130#Secunda pars, Agora cobrando acuerdo","",2,5
6,278,6,"#131#Oyme oyme dolente, villanesca a tres","",2,5
6,279,6,"#131#Quando ti vegio a esta finestra bella, villanesca a tres","",2,5
6,280,6,"#131v#Madona mia la vostra belleza, villanesca a tres","",2,5
6,281,6,"#132#¿Cómo queréys, madre?, villancico a tres de Iuan Vázquez","",2,5
6,282,6,"#133#Morenica, dame un beso, villancico a tres de Iuan Vázquez","",2,5
6,283,6,"#133v#Vos me matastes, niña en cabello, villancico a tres de Iuan Vázquez","",2,5
6,284,6,"#134#Ay, que non oso, villancico a tres de Iuan Vázquez","",2,5
6,285,6,"#134v#No sé qué me bulle, villancico a tres de Iuan Vázquez","",2,5
6,286,6,"#135v#Duélete de mí, señora, villancico a tres de Iuan Vázquez","",2,5
6,287,6,"#136#No me habléys, conde, de amor en la calle, villancico a tres de Iuan Vázquez","",2,5
6,288,6,"#137#Quiero dormir y no puedo, villancico a tres de Iuan Vázquez","",2,5
6,289,6,"#138#¿Con qué la lauaré?, villancico a quatro de Iuan Vázquez","",2,5
6,290,6,"#138v#¿Que farán del Pobre Iuan?, villancico a quatro de Flecha.  D","El título en el fol. 138r.",2,5
6,291,6,"#139v#Teresica, hermana, villancico a quatro de Flecha. F","",2,5
6,292,6,"#140#¡Mal aya quien a vos casó!, villancico a quatro de Flecha.  D","Las sextas cuerdas un tono bajo.",2,5
6,293,6,"#141v#Puse mis amores, villancico a quatro de Rauaneda. F","",2,5
6,294,6,"#142#De los álamos vengo, madre, villancico a quatro de Iuan Vázquez. D","",2,5
6,295,6,"#143#Ojos claros, serenos, villancico a quatro de Guerrero","",2,5
6,296,6,"#144#Torna, Mingo, a enamorarte | ¡Guarda fuera!, villancico a quatro de Guerrero. D","El primer verso de este villancico, Torna, Mingo a enamorarte, no figura ni en los cuatro ejemplares de la Biblioteca Nacional de Madrid ni en el de El Escorial; en dichos ejemplares, en la Tabla general, fol. +9v, se lee: «Torna Mingo: Guerrero». Se trata de un villancico que se conserva en un manuscrito de la Biblioteca Nacional de Madrid, aparentemente sin signatura; véase Margit Frenk: “Diez cancioncitas populares en un manuscrito valenciano del siglo XVI”, Nueva Revista de Filología Hispánica, xl/1 (1992) 187-198, esp. p. 189, nota 7. También aparece, con música distinta a la de Fuenllana, en la Recopilación de Sonetos y Villancicos a quatro y a cinco de Juan Vásquez (Sevilla, 1560). Cf. la ed. de Higinio Anglés, Barcelona: CSIC, 1946, nº 8, pp. 36 y 137–140. Sin embargo, en alguna otra reimpresión de Orphénica Lyra de la cual no se conservan ejemplares en ninguna biblioteca de Madrid se añadiría ese primer verso, sin música, al principio de la composición; así aparece, de hecho, en la edición facsimilar de Ginebra, Minkoff Reprint, 1981.",2,5
6,297,6,"#145#De Antequera sale el moro, romance viejo a quatro de Morales","",2,5
6,298,6,"#145#A las armas moriscote, romance viejo a quatro de Bernal","",2,5
6,299,6,"","",0,5
6,300,6,"fol. 145v. Portadilla del Libro sexto","Accipe diuinam, quae venit ab aethere, musam. Libro sexto, en el qual se ponen ensaladas, música compuesta y fantasías, para vihuela de cinco órdenes. Assí mismo música compuesta y fantasías para guitarra. También se ponen algunas fantasías y pedaços de contrapunto, para vihuela de seys, con ocho tientos para los ochos tonos: con los quales acaba el presente libro. Hac poteris curas attenuare Lyra.",0,6
6,301,6,"","",0,6
6,302,6,"LIBRO SEXTO","",0,6
6,303,6,"VOZ (EN CIFRA; ALGUNOS COMPASES EN NOTACIÓN MENSURAL) Y VIHUELA","",0,6
6,304,6,"#146#Iubilate Deo. Ensalada de Flecha. D","",5,6
6,305,6,"#146v#Para mí me lo querría","",5,6
6,306,6,"#146v#Poltron fransoi","",5,6
6,307,6,"#147#¡Que sí puede ser, señor bachiller!","",5,6
6,308,6,"#147v#Mejor le fuera mal año","",5,6
6,309,6,"#147v#En la ciudad de la Gloria","",5,6
6,310,6,"#148#El vanastón me espanta","",5,6
6,311,6,"#148#Nan [non] far el cauaglier","",5,6
6,312,6,"#148v#A la girigonça","",5,6
6,313,6,"#149#Et ipsa conteret caput tuum","",5,6
6,314,6,"#149#Bomba, bomba. Ensalada de Flecha. D","",5,6
6,315,6,"#149v#¡A l’escota socorred!","",5,6
6,316,6,"#150#Mas, triste yo, ¿qué haré?","",5,6
6,317,6,"#150v#¡Oh, qué ventura he tenido!","",5,6
6,318,6,"#151#Gratias agamus Domino","",5,6
6,319,6,"#151v#Bendito sea aquel día","",5,6
6,320,6,"#152v#Pues lo vento nos ha de leuar","",5,6
6,321,6,"#153#La gala chinela","",5,6
6,322,6,"#153#Nam si pericula sunt in mari","",5,6
6,323,6,"#153#Oýd, oýd los bivientes. Ensalada de Flecha [La Justa]","",5,6
6,324,6,"#154#Para ti la quiero","",5,6
6,325,6,"#154v#Cata el lobo dó va, Juanica","",5,6
6,326,6,"#155#Super astra Dei","",5,6
6,327,6,"#155v#Si con tantos seruidores","",5,6
6,328,6,"#156#¡Que tocan al arma, Iuana!","",5,6
6,329,6,"#156v#Que no son amores | para todos hombres","",5,6
6,330,6,"#156v#Mala noche auéys de auer","",5,6
6,331,6,"#158#Laudate Dominum omnes gentes","",5,6
6,332,6,"MÚSICA PARA VIHUELA DE CINCO ÓRDENES","",0,6
6,333,6,"VOZ (EN CIFRA) Y VIHUELA DE CINCO ÓRDENES","",0,6
6,334,6,"#158#Et resurrexit de la missa de Aue Maria, a tres, de Morales. F","",6,6
6,335,6,"#158v#Osanna de la misma Missa, a quatro. F","",6,6
6,336,6,"#159#La mi sola Laureola, villancico a quatro de Iuan Vázquez","",6,6
6,337,6,"VIHUELA DE CINCO ÓRDENES SOLA","",0,6
6,338,6,"#159v#Fantasía primera del author.  D","Al comienzo de esta Fantasía, «Síguense seys fantasías del author». La numeración, primera a sexta, aparece sólo en la Tabla, fol. +9v.",7,6
6,339,6,"#160#Fantasía segunda del author. F","",7,6
6,340,6,"#160v#Fantasía tercera del author. F","",7,6
6,341,6,"#161#Fantasía quarta del author. F","",7,6
6,342,6,"#161v#Fantasía quinta del author. F","",7,6
6,343,6,"#162#Fantasía sexta del author. D","",7,6
6,344,6,"","",0,6
6,345,6,"MÚSICA PARA GUITARRA DE CUATRO ÓRDENES","",0,6
6,346,6,"","",0,6
6,347,6,"GUITARRA SOLA","",0,6
6,348,6,"#162v#Crucifixus, a tres","",8,6
6,349,6,"","",0,6
6,350,6,"VOZ (EN CIFRA) Y GUITARRA","",0,6
6,351,6,"#162v#Couarde cauallero, villancico de Iuan Vázquez.","",9,6
6,352,6,"#163v #Passeáuase el Rey moro, el autor sobre el canto llano de este romance. F","",9,6
6,353,6,"","",0,6
6,354,6,"GUITARRA SOLA","",0,6
6,355,6,"#163v#Fantasía primera del author.  D","Al comienzo de esta Fantasía, «Síguense seys fantasías del author para en la guitarra». La numeración, primera a sexta, aparece sólo en la Tabla, fol. +9v.",8,6
6,356,6,"#164v#Fantasía segunda del author. D","",8,6
6,357,6,"#164v#Fantasía tercera del author. F","",8,6
6,358,6,"#165#Fantasía quarta del author. D","",8,6
6,359,6,"#165#Fantasía quinta del author. F","",8,6
6,360,6,"#165v#Fantasía sexta del author. F","",8,6
6,361,6,"","",0,6
6,362,6,"MÚSICA PARA VIHUELA DE SEIS ÓRDENES","",0,6
6,363,6,"VIHUELA SOLA","",0,6
6,364,6,"#166#Fantasía de consonancias. Fuenllana. D","",1,6
6,365,6,"#167#Fantasía sobre un passo forçoso: ut sol sol la sol. Fuenllana. F","",1,6
6,366,6,"","",0,6
6,367,6,"DOS VOCES (UNA EN NOTACIÓN MENSURAL Y OTRA EN CIFRA) Y VIHUELA","",0,6
6,368,6,"#168#Una compostura del author con dos canto llanos: Aue maris stella y Gaudeamus","El título en el fol. 167v.",3,6
6,369,6,"","",0,6
6,370,6,"VOZ (EN CIFRA) Y VIHUELA","",0,6
6,371,6,"#168v#La carta de Boscán: El que sin ti biuir. Fuenllana","",2,6
6,372,6,"#169#Si los delfines mueren de amores, endechas a tres, del author. F","",2,6
6,373,6,"","",0,6
6,374,6,"VIHUELA SOLA","",0,6
6,375,6,"#169v#Fantasia de redobles, del author","",1,6
6,376,6,"#170v#Tiento del primero tono. Fuenllana","",1,6
6,377,6,"#170v#Tiento del segundo tono. Fuenllana","",1,6
6,378,6,"#171#Tiento del tercero tono. Fuenllana","",1,6
6,379,6,"#171#Tiento del quarto tono. Fuenllana","",1,6
6,380,6,"#171v#Tiento del quinto tono. Fuenllana","",1,6
6,381,6,"#172#Tiento del sexto tono. Fuenllana","",1,6
6,382,6,"#172v#Tiento del séptimo tono. Fuenllana","El título en el fol. 172r.",1,6
6,383,6,"#172v#Tiento del octauo tono. Fuenllana","",1,6
6,384,6,"","",0,6
6,385,6,"VOZ (EN CIFRA) Y VIHUELA","",0,6
6,386,6,"#173#Benedicamus patrem, motete del author. F","",2,6
6,387,6,"","",0,6
6,388,6,"fol. 175. Colofón","Fve imprsso [sic] en Sevilla, en casa de Martín de Montesdoca. Acabóse a dos días del mes de Octubre de mill y quinientos y cincuenta y quatro años.",0,7
7,1,7,"Portada","Libro de música en cifras para Vihuela, intitulado el Parnasso, en el qual se hallará toda diuersidad de Música, assí Motetes, Sonetos, Villanescas, en lengua Castellana, y otras cosas, como Fantasías del Autor, hecho por Esteuan Daça, vezino de la muy insigne villa de Valladolid, dirigido al muy Illustre señor Licenciado Hernando de Hábalos de Sotomayor, del Consejo supremo de su Magestad, &c. Impresso por Diego Fernández de Córdoua, Impressor de su Magestad. Año de M.D.Lxxvj. Está tassado en 136 Marauedís. *((La cifra 136 aparece manuscrita))",0,0
7,2,7,"fol. 1v. Licencia de impresión","",0,0
7,3,7,"fol. 2. Dedicatoria","",0,0
7,4,7,"fol. 2v. Poesía latina: De Stephano Dazza Colloquium inter Mussas & Appollinem","",0,0
7,5,7,"fol. 3. Regla breue y compendiosa para entender estas cifras","",0,0
7,6,7,"fol. 4. Correctión con la qual fácilmente se podrán emendar los errores que ay en estos libros","",0,0
7,7,7,"","",0,1
7,8,7,"fol. 1. Portadilla del Libro primero","Comiença el libro primero, el qual trata de muchas Fantasías de Esteuan Daça, a tres y a quatro. Van al principio los ocho tonos a quatro, por su orden, y después van otras fantasías por differentes tonos, y en todas las de a quatro va señalada la voz del Tenor con unos puntillos, para que si quisieren la canten: y en las de a tres va señalada la voz del Contra alto.",0,1
7,9,7,"","",0,1
7,10,7,"VIHUELA SOLA (CON CIFRAS SEÑALADAS CON PUNTILLOS, PARA CANTAR OPCIONALMENTE)","",0,1
7,11,7,"#1#[Fantasía por el primer tono]. D","",3,1
7,12,7,"#2v#Fantasía por el segundo tono. D","",3,1
7,13,7,"#4#Fantasía por el tercero tono. F","",3,1
7,14,7,"#6#Fantasía por el quarto tono. D","",3,1
7,15,7,"#7#Fantasía por el quinto tono. D","",3,1
7,16,7,"#9#Fantasía por el sexto tono.  D","El título en el fol. 8v.",3,1
7,17,7,"#10#Fantasía por el séptimo tono. F","",3,1
7,18,7,"#11#Fantasía por el octauo tono. D","",3,1
7,19,7,"#12v#Fantasía a tres, por el primer tono. F","",3,1
7,20,7,"#14#Fantasía a tres, por el quinto tono. F","",3,1
7,21,7,"#15v#Fantasía a tres, por el séptimo tono. F","",3,1
7,22,7,"#16v#Fantasía a tres, por el octauo tono. F","",3,1
7,23,7,"#18v#Fantasía por el primer tono a quatro. F","",3,1
7,24,7,"#20#Fantasía por el primero tono, por G sol re ut a quatro. F","",3,1
7,25,7,"#21v#Fantasía por el segundo tono a quatro por G sol re ut. D","",3,1
7,26,7,"#23v#Fantasía a quatro por el quarto tono por a la mi re.  F","El título en el fol. 23r.",3,1
7,27,7,"#24v#Fantasía por el sexto tono [a quatro]. F","",3,1
7,28,7,"#26#Fantasía por el primero tono a quatro. F","",3,1
7,29,7,"#27#Fantasía con ciertos passajes para desemvoluer las manas [sic], por el primer tono.  D.","La indicación del tono de los nos 19 a 22 figura en la Tabla final, fol. 113v.",3,1
7,30,7,"#29v#Fantasía de passos largos para desemvoluer las manos, por el mismo tono. D","",3,1
7,31,7,"#31#Fantasías [sic] de passos largos, para desemvoluer las manos, por el quinto tono. D","",3,1
7,32,7,"#33#Fantasías [sic] de passos largos, para desemvoluer las manos, por el octavo tono. D","",3,1
7,33,7,"","",0,2
7,34,7,"fol. 35. Portadilla del Libro segundo","Comiença el segundo Libro de Música en Cifras para Vihuela, el qual contiene Motetes a quatro y a cinco, de diuersos Autores, en todos los quales se canta la voz que se señala con unos puntillos, y también se señalan las Claues en los trastes que se requiere conforme al término. MDLXXVI.",0,2
7,35,7,"","",0,2
7,36,7,"VOZ (EN CIFRA) Y VIHUELA","",0,2
7,37,7,"#35v#Nigra sum sed formosa, motete a cinco de Crequillon","",2,2
7,38,7,"#38#Dum deambularet Dominus, motete a quatro de Crequillon","",2,2
7,39,7,"#40v#Segunda parte, Vocem tuam audiui","",2,2
7,40,7,"#43#In me transierunt ire tue, motete a quatro de Mayllart","El título en el fol. 42v.",2,2
7,41,7,"#45v#O beata Maria, motete a quatro de Pedro Guerrero","",2,2
7,42,7,"#47#Segunda parte, Accipe quod offerimus","",2,2
7,43,7,"#49#Ave Maria, motete a quatro de Francisco Guerrero","",2,2
7,44,7,"#52#Deus Deus meus, segunda parte de un motete a quatro de Simon Buleau que dize Domine ne longe facias","",2,2
7,45,7,"#54v#Genuit puerpera regem, segunda parte de un motete a quatro de Simon Buleau que dize O magnum mysterium","El título en el fol. 54r.",2,2
7,46,7,"#57#Absterget Deus, motete a quatro de Simon Buleau","",2,2
7,47,7,"#59v#Segunda parte, Non esurient","",2,2
7,48,7,"#62#Turba multa, motete a quatro de Simon Buleau","",2,2
7,49,7,"#64v#Respexit Helias, motete a quatro de Simon Buleau","",2,2
7,50,7,"#67#Tulerunt ergo fratres, segunda parte de un motete a quatro de Simon Buleau que dize Videns Jacob","El título en el fol. 66v.",2,2
7,51,7,"#69#Angelus Domini, motete a quatro de Vasurto","",2,2
7,52,7,"#71#Quem dicunt homines, motete a quatro de Ricafort","",2,2
7,53,7,"","",0,3
7,54,7,"fol. 74. Portadilla del Libro tercero","Comiença el Libro tercero de Música en cifras para Vihuela, el qual contiene vn Romance, y algunos Sonetos y Villanescas en letra Castellana, y Villancicos, en todo lo qual se señala la voz con unos puntillos: y al cabo dél ay dos canciones Francesas tañidas sin cantar. MDLXXVI.",0,3
7,55,7,"","",0,3
7,56,7,"VOZ (EN CIFRA) Y VIHUELA","",0,3
7,57,7,"#74v#Enfermo estaba Antioco. Romance","",2,3
7,58,7,"#75#¡Ay, mudo soy, hablar no puedo! Soneto a quatro de Pedro Ordóñez","",2,3
7,59,7,"#77v#¡Ay, fortuna cruel; ay, ciego Amor! Soneto a quatro de Pedro Ordoñez","",2,3
7,60,7,"#78#Segunda parte, Lebantaron muy alto mi esperança","",2,3
7,61,7,"#79#Escrito esta en mi alma vuestro gesto. Soneto a quatro","",2,3
7,62,7,"#80v#Segunda parte, Yo no nascí sino para quereros","",2,3
7,63,7,"#81v#¡Quán bienaventurado! Cancion a quatro","",2,3
7,64,7,"#83#Prado verde y florido. Villanesca a quatro de Francisco Guerrero","",2,3
7,65,7,"#84#Pues ya las claras fuentes. Villanesca a quatro de Zaballos","",2,3
7,66,7,"#85v#¡Ay de mí, sin ventura! Villanesca a quatro de Nabarro","",2,3
7,67,7,"#87v#¡Adiós, verde ribera y pradería! Villanesca a quatro de Guerrero","",2,3
7,68,7,"#89#¿No vez [sic], Amor, que esta gentil moçuela?  Villanesca a quatro de. Nabarro","En la Tabla final, fol. 113v, No vees amor",2,3
7,69,7,"#90v#Esclareçida Iuana, el que se atreue. Villanesca a quatro de Villalar","",2,3
7,70,7,"#91v#Duro mal, terrible llanto. Villanesca a quatro de Caballos","",2,3
7,71,7,"#93#Dime, manso viento. Villanesca a quatro de Caballos","",2,3
7,72,7,"#94#Cállese ya Mercurio. Villanesca a quatro","",2,3
7,73,7,"#95v#Nunca más verán mis ojos. Villancico a tres, fácil","",2,3
7,74,7,"#96#Buelta, Pues que mis ojos perdieron","",2,3
7,75,7,"#96v#Dame acogida en tu hato. Villancico viejo a tres, fácil","",2,3
7,76,7,"#97#Buelta, Esta noche en tu cabaña","",2,3
7,77,7,"#97#A tierras agenas. Villancico a tres [fácil]","",2,3
7,78,7,"#99#¿Qué razón podéys vos tener? Villancico a quatro de Nabarro","",2,3
7,79,7,"#99v#Buelta, Con razón podéys dezir","",2,3
7,80,7,"#100v#Alegrías, alegrías. Villancico a quatro","",2,3
7,81,7,"#101v#Buelta, Canta, Gil, vna canción","",2,3
7,82,7,"#102v#Gritos daua la morenica. Villancico a quatro","",2,3
7,83,7,"#103v#Serrana, ¿dónde dormistis? Villancico a quatro","",2,3
7,84,7,"#104v#A ser con vuestro marido","",2,3
7,85,7,"#104v#Zagaleja, la de lo verde. Villancico a quatro","",2,3
7,86,7,"#105v#Buelta, Yo me voy con mi ganado","",2,3
7,87,7,"#107v#¿Quién te hizo, Juan pastor? Villancico a quatro","",2,3
7,88,7,"#108#Buelta, Solías con tus cantares","",2,3
7,89,7,"#108v#Quando las desdichas mías. Villancico a quatro","",2,3
7,90,7,"#109#Buelta, Si ventura, de piadosa","",2,3
7,91,7,"#109v#Mira, Iuan, lo que te dixe. Villancico a quatro","",2,3
7,92,7,"","",0,3
7,93,7,"VIHUELA SOLA","",0,3
7,94,7,"#110#Vostre rigueur. Canción Francesa de Crecquillon, a tres, tañida sin cantar","",1,3
7,95,7,"#112#Ie prens en gre. Cancion Francessa a quatro, tañida sin cantar","",1,3
7,96,7,"","",0,3
7,97,7,"fol. 113 bisv Tabla de lo que se contiene en este libro","Hay dos folios numerados como 113, numerados aquí como 113 y 113 bis.",0,3
7,98,7,"","",0,4
7,99,7,"Colofón","Fue impresso el presente Libro hecho por Esteuan Daça en la muy Noble villa de Valladolid por Diego Fernández de Córdoua, Impressor de su Magestad, acabose a doze días del mes de Abril año de mil y quinientos y setenta y seys.",0,4
8,1,8,"#263v#Fantasia","Es la obra más larga y la más afectada por el guillotinado, ocasionando 24 lagunas en sus 240 compases.",1,\N
8,2,0,"#267#Final de cualquier cosa o Tiento de vigüela","Tiento de características similares a los de Alonso Mudarra.",1,\N
8,3,\N,""," ",0,\N
8,4,\N,"#267v#La vella mal marida","Es una versión con el texto cambiado ""a lo divino"" de un conocido texto que ya fue utilizado en el Cancionero de Palacio en una obra compuesta por Gabriel (Nº 234), así como por los vihuelistas Luis de Narváez en Los seys libros del Delphin (Nº 28) y Enríquez de Valderrábano en su libro Silva de Sirenas (Nº 50)",0,\N
8,5,\N,"#268v#Glosa de Padilla sobre el bien dubdoso","El texto se debe a fray Pedro de Padilla",0,\N
8,6,\N,"#269#Glosa sobre a su albedrío","Aparece como una obra anónima a 3v en el Cancionero de Medinaceli (Nº 41)",0,\N
8,7,\N,"","",0,\N
8,8,0,"#270#Diferencias sobre la Pavanilla","Originalmente había 6 diferencias, pero la primera de ellas, en el f. 269, se perdió por el guillotinado. La quinta diferencia aparece repetida en el f. 282 en medio del Pange Lingua.",1,\N
8,9,0,"#272#Cuatro differencias de folias","Diferencias basadas en el famoso tema de la Folie d'Espagne. Presentan algunas afinidades constructivas con las Diferencias sobre la Pavanilla que la preceden, por lo que posiblemente estén compuestas por el mismo autor.",1,\N
8,10,9,"#273v#Seis diferencias de bacas (I)","Otros autores como Luis de Narváez, Diego Pisador, Alonso Mudarra, Antonio de Cabezón y Luis Venegas de Henestrosa también escribieron obras basadas en el mismo tema de las vacas.",1,\N
8,11,10,"#275#Diez diferencias de folias","Presentan un mejor tratamiento polifónico que las otras folías anónimas.",1,\N
8,12,2,"#278#Tres diferencias de bacas","Son las mismas diferencias sobre Guardame las vacas que aparecen en el libro VI de Los seys libros del Delphin con algunas pocas variantes y errores del copista.",1,\N
8,13,9,"#278v#Seis diferencias de bacas (II)","",1,\N
8,14,11,"#280v#Fantasia","Francesco da Milano emplea el mismo tema en sus obras para laúd, Fantasía XXV y Ricercara LI.",1,\N
8,15,0,"#281#Pange lingua sobre el contrabaxo","Basada en el himno Pange lingua tradicional español.",1,\N
9,1,0,"1 Differencias de la çarabanda","",1,\N
9,2,0,"1v Folias","",1,\N
9,3,0,"3 Saltarello","",1,\N
10,1,0,"A1 «Ribera verde umbrosa»","",1,\N
10,2,0,"A1 [Diferencias sobre «Guardame las vacas»]","",1,\N
10,3,0,"A1v Contrapunto sobre el Conde Claros","",1,\N
10,4,0,"A1v Pavanilla","",1,\N
10,5,0,"A1v «Por unos ojuelos negros»","",1,\N
10,6,0,"A2 «Falsa me es la espiga de zuela»","",1,\N
10,7,0,"B1 La Moreda","",1,\N
