1,1,0,"001 PICT0008b.JPG"
1,2,0,"002 PICT0009b.JPG"
1,3,0,"003 PICT0009c.JPG"
1,4,0,"003 PICT0009c.JPG"
1,5,0,"004 PICT0010c.JPG"
1,5,1,"005 PICT0011b.JPG"
1,5,2,"006 PICT0012b.JPG"
1,5,3,"007 PICT0012c.JPG"
1,5,4,"008 PICT0013b.JPG"
1,5,5,"009 PICT0013c.JPG"
1,6,0,"010 PICT0014b.JPG"
1,7,0,"011 PICT0014c.JPG"
1,11,0,"012 PICT0015b.JPG"
1,11,1,"013 PICT0015c.JPG"
1,11,2,"014 PICT0016b.JPG"
1,12,0,"014 PICT0016b.JPG"
1,12,1,"015 PICT0016c.JPG"
1,12,2,"016 PICT0017b.JPG"
1,13,0,"016 PICT0017b.JPG"
1,13,1,"017 PICT0017c.JPG"
1,13,2,"018 PICT0018b.JPG"
1,13,3,"019 PICT0018c.JPG"
1,14,0,"019 PICT0018c.JPG"
1,14,1,"020 PICT0019b.JPG"
1,14,2,"021 PICT0019c.JPG"
1,15,0,"021 PICT0019c.JPG"
1,15,1,"022 PICT0020b.JPG"
1,15,2,"023 PICT0020c.JPG"
1,16,0,"024 PICT0021b.JPG"
1,16,1,"025 PICT0021c.JPG"
1,16,2,"026 PICT0022b.JPG"
1,16,3,"027 PICT0022c.JPG"
1,17,0,"027 PICT0022c.JPG"
1,17,1,"028 PICT0023b.JPG"
1,17,2,"029 PICT0023c.JPG"
1,18,0,"030 PICT0025b.JPG"
1,18,1,"031 PICT0025c.JPG"
1,18,2,"032 PICT0027b.JPG"
1,19,0,"032 PICT0027b.JPG"
1,19,1,"033 PICT0027c.JPG"
1,19,2,"034 PICT0028b.JPG"
1,19,3,"035 039 PICT0028c.JPG"
1,21,0,"036 040 PICT0029b.JPG"
1,21,1,"037 PICT0029c.JPG"
1,22,0,"038 PICT0030b.JPG"
1,22,1,"039 035 PICT0030c.JPG"
1,22,2,"040 036 PICT0031b.JPG"
1,23,0,"041 045 PICT0031c.JPG"
1,23,1,"042 046 PICT0028.jpg"
1,23,2,"043 PICT0032c.JPG"
1,24,0,"043 PICT0032c.JPG"
1,24,1,"044 PICT0033b.JPG"
1,24,2,"045 041 PICT0033c.JPG"
1,25,0,"045 041 PICT0033c.JPG"
1,25,1,"046 042 PICT0034c.JPG"
1,26,0,"047 PICT0028 .jpg"
1,26,1,"048 PICT0029.jpg"
1,26,2,"049 PICT0034b.JPG"
1,26,3,"050 PICT0035b.JPG"
1,27,0,"050 PICT0035b.JPG"
1,27,1,"051 PICT0035c.JPG"
1,27,2,"052 PICT0036b.JPG"
1,27,3,"053 PICT0036c.JPG"
1,28,0,"053 PICT0036c.JPG"
1,28,1,"054 PICT0037b.JPG"
1,28,2,"055 PICT0037c.JPG"
1,28,3,"056 PICT0038b.JPG"
1,29,0,"056 PICT0038b.JPG"
1,29,1,"057 PICT0038c.JPG"
1,29,2,"058 PICT0039b.JPG"
1,29,3,"059 PICT0039c.JPG"
1,30,0,"060 PICT0040b.JPG"
1,30,1,"061 PICT0040c.JPG"
1,30,2,"062 PICT0041b.JPG"
1,30,3,"063 PICT0041c.JPG"
1,30,4,"064 PICT0042b.JPG"
1,31,0,"065 PICT0042c.JPG"
1,31,1,"066 PICT0043b.JPG"
1,31,2,"067 PICT0043c.JPG"
1,31,3,"068 PICT0044b.JPG"
1,31,4,"069 PICT0044c.JPG"
1,31,5,"070 PICT0045b.JPG"
1,32,0,"070 PICT0045b.JPG"
1,32,1,"071 PICT0045c.JPG"
1,32,2,"072 PICT0046b.JPG"
1,33,0,"073 PICT0046c.JPG"
1,33,1,"074 PICT0047b.JPG"
1,33,2,"075 PICT0047c.JPG"
1,33,3,"076 PICT0048b.JPG"
1,34,0,"076 PICT0048b.JPG"
1,34,1,"077 PICT0048c.JPG"
1,35,0,"077 PICT0048c.JPG"
1,35,1,"078 PICT0049b.JPG"
1,35,2,"079 PICT0049c.JPG"
1,36,0,"079 PICT0049c.JPG"
1,36,1,"080 PICT0050b.JPG"
1,37,0,"080 PICT0050b.JPG"
1,37,1,"081 PICT0050c.JPG"
1,38,0,"081 PICT0050c.JPG"
1,38,1,"082 PICT0051b.JPG"
1,39,0,"082 PICT0051b.JPG"
1,42,0,"083 H-01.jpg"
1,43,0,"083 H-01.jpg"
1,43,1,"084 H-02.jpg"
1,44,0,"084 H-02.jpg"
1,45,0,"084 H-02.jpg"
1,45,1,"085 H-03.jpg"
1,46,0,"085 H-03.jpg"
1,47,0,"085 H-03.jpg"
1,47,1,"086 H-04.jpg"
1,48,0,"086 H-04.jpg"
1,49,0,"087 H-05.jpg"
1,50,0,"087 H-05.jpg"
1,51,0,"087 H-05.jpg"
1,51,1,"088 H-06.jpg"
1,52,0,"088 H-06.jpg"
1,52,1,"089 H-07.jpg"
1,53,0,"089 H-07.jpg"
1,54,0,"090 H-08.jpg"
1,54,1,"091 H-09.jpg"
1,55,0,"091 H-09.jpg"
1,55,1,"092 H-10.jpg"
1,56,0,"092 H-10.jpg"
1,56,1,"093 H-11.jpg"
1,56,2,"094 H-12.jpg"
1,57,0,"094 H-12.jpg"
1,57,1,"095 H-13.jpg"
1,57,2,"096 H-14.jpg"
1,58,0,"096 H-14.jpg"
1,58,1,"097 H-15.jpg"
1,58,2,"098 H-16.jpg"
1,60,0,"098 H-16.jpg"
1,64,0,"099 PICT0059b.JPG"
1,64,1,"100 PICT0061.JPG"
1,64,2,"101 PICT0061b.JPG"
1,64,3,"102 PICT0062.JPG"
1,64,4,"103 PICT0062b.JPG"
1,65,0,"103 PICT0062b.JPG"
1,65,1,"104 PICT0063.JPG"
1,65,2,"105 PICT0063b.JPG"
1,65,3,"106 PICT0064.JPG"
1,65,4,"107 PICT0064b.JPG"
1,66,0,"107 PICT0064b.JPG"
1,66,1,"108 PICT0065.JPG"
1,66,2,"109 PICT0065b.JPG"
1,66,3,"110 PICT0066.JPG"
1,66,4,"111 PICT0066b.JPG"
1,66,5,"112 PICT0067.JPG"
1,67,0,"112 PICT0067.JPG"
1,67,1,"113 PICT0067b.JPG"
1,67,2,"114 PICT0068.JPG"
1,68,0,"115 PICT0068b.JPG"
1,68,1,"116 PICT0069.JPG"
1,68,2,"117 PICT0069b.JPG"
1,68,3,"118 PICT0070.JPG"
1,68,4,"119 PICT0070b.JPG"
1,69,0,"119 PICT0070b.JPG"
1,69,1,"120 PICT0071.JPG"
1,69,2,"121 PICT0071b.JPG"
1,69,3,"122 PICT0072.JPG"
1,69,4,"123 PICT0072b.JPG"
1,70,0,"123 PICT0072b.JPG"
1,70,1,"124 PICT0073.JPG"
1,70,2,"125 PICT0073b.JPG"
1,70,3,"126 PICT0074.JPG"
1,70,4,"127 PICT0074b.JPG"
1,70,5,"128 PICT0075.JPG"
1,71,0,"128 PICT0075.JPG"
1,71,1,"129 PICT0075b.JPG"
1,71,2,"130 PICT0076.JPG"
1,71,3,"131 PICT0076b.JPG"
1,72,0,"131 PICT0076b.JPG"
1,72,1,"132 PICT0078.JPG"
1,72,2,"133 PICT0078b.JPG"
1,72,3,"134 PICT0079.JPG"
1,72,4,"135 PICT0079b.JPG"
1,73,0,"135 PICT0079b.JPG"
1,73,1,"136 PICT0080.JPG"
1,73,2,"137 PICT0080b.JPG"
1,73,3,"138 PICT0081.JPG"
1,74,0,"138 PICT0081.JPG"
1,74,1,"139 PICT0081b.JPG"
1,74,2,"140 PICT0082.JPG"
1,74,3,"141 PICT0082b.JPG"
1,74,4,"142 PICT0083.JPG"
1,75,0,"142 PICT0083.JPG"
1,75,1,"143 PICT0083b.JPG"
1,75,2,"144 PICT0084.JPG"
1,75,3,"145 PICT0084b.JPG"
1,75,4,"146 PICT0085.JPG"
1,76,0,"147 PICT0085b.JPG"
1,76,1,"148 PICT0086.JPG"
1,76,2,"149 PICT0086b.JPG"
1,76,3,"150 PICT0087.JPG"
1,76,4,"151 PICT0087b.JPG"
1,77,0,"151 PICT0087b.JPG"
1,77,1,"152 PICT0088.JPG"
1,77,2,"153 PICT0088b.JPG"
1,77,3,"154 PICT0089.JPG"
1,77,4,"155 PICT0089b.JPG"
1,78,0,"155 PICT0089b.JPG"
1,78,1,"156 PICT0090.JPG"
1,78,2,"157 PICT0090b.JPG"
1,78,3,"158 PICT0091.JPG"
1,79,0,"159 PICT0091b.JPG"
1,79,1,"160 PICT0092.JPG"
1,79,2,"161 PICT0092b.JPG"
1,79,3,"162 PICT0093.JPG"
1,80,0,"162 PICT0093.JPG"
1,80,1,"163 PICT0093b.JPG"
1,80,2,"164 PICT0094.JPG"
1,80,3,"165 PICT0094b.JPG"
1,81,0,"165 PICT0094b.JPG"
1,81,1,"166 PICT0095.JPG"
1,81,2,"167 PICT0095b.JPG"
1,81,3,"168 PICT0096.JPG"
1,81,4,"169 PICT0096b.JPG"
1,82,0,"169 PICT0096b.JPG"
1,82,1,"170 PICT0097.JPG"
1,82,2,"171 PICT0097b.JPG"
1,83,0,"171 PICT0097b.JPG"
1,83,1,"172 PICT0098.JPG"
1,83,2,"173 PICT0098b.JPG"
1,83,3,"174 PICT0099.JPG"
1,83,4,"175 PICT0099b.JPG"
1,84,0,"175 PICT0099b.JPG"
1,84,1,"176 PICT0100.JPG"
1,84,2,"177 PICT0100b.JPG"
1,84,3,"178 PICT0101.JPG"
1,84,4,"179 PICT0101b.JPG"
1,85,0,"179 PICT0101b.JPG"
1,85,1,"180 PICT0102.JPG"
1,85,2,"181 PICT0102b.JPG"
1,85,3,"182 PICT0103.JPG"
1,88,0,"183 PICT0103b.JPG"
1,89,0,"183 PICT0103b.JPG"
1,89,1,"184 PICT0104.JPG"
1,90,0,"184 PICT0104.JPG"
1,91,0,"185 -01-Qii.jpg"
1,91,1,"186 -02-Qii.jpg"
1,92,0,"186 -02-Qii.jpg"
1,93,0,"187 -03-Qii.jpg"
1,94,0,"187 -03-Qii.jpg"
1,94,1,"188 -04-Qii.jpg"
1,95,0,"188 -04-Qii.jpg"
1,96,0,"189 -05-Qii.jpg"
1,97,0,"189 -05-Qii.jpg"
1,98,0,"190 -06-Qii.jpg"
1,99,0,"190 -06-Qii.jpg"
1,100,0,"190 -06-Qii.jpg"
1,100,1,"191 PICT0107b.JPG"
1,100,2,"192 -07-Qii.jpg"
1,101,0,"192 -07-Qii.jpg"
1,101,1,"193 -09-Qii.jpg"
1,102,0,"193 -09-Qii.jpg"
1,102,1,"194 -10-Qii.jpg"
1,103,0,"194 -10-Qii.jpg"
1,103,1,"195 -11-Qii.jpg"
1,103,2,"196 -12-Qii.jpg"
1,104,0,"196 -12-Qii.jpg"
1,104,1,"197 -13-Qii.jpg"
1,104,2,"198 -14-Qii.jpg"
1,105,0,"198 -14-Qii.jpg"
1,105,1,"199 -15-Qii.jpg"
1,105,2,"200 -16-Qii.jpg"
1,107,0,"200 -16-Qii.jpg"
1,107,1,"201 -17-Qii.jpg"
1,109,0,"201 -17-Qii.jpg"
1,111,0,"202 -18-Qii.jpg"
2,1,0,"006  PICT0006.JPG"
2,3,0,"007  PICT0007.JPG"
2,4,0,"008  PICT0008.JPG"
2,5,0,"009  PICT0009.JPG"
2,6,0,"010  PICT0010.JPG"
2,6,1,"011  PICT0011.JPG"
2,6,2,"012  PICT0012.JPG"
2,6,3,"013  PICT0013.JPG"
2,10,0,"014  PICT0014.JPG"
2,10,1,"015  PICT0015.JPG"
2,10,2,"016  PICT0016.JPG"
2,10,3,"017  PICT0017.JPG"
2,10,4,"018  PICT0018.JPG"
2,11,0,"019  PICT0019.JPG"
2,11,1,"020  PICT0020.JPG"
2,11,2,"021  PICT0021.JPG"
2,11,3,"022  PICT0022.JPG"
2,11,4,"023  PICT0023.JPG"
2,11,5,"024  PICT0024.JPG"
2,11,6,"025  PICT0025.JPG"
2,11,7,"026  PICT0026.JPG"
2,12,0,"026  PICT0026.JPG"
2,12,1,"027  PICT0027.JPG"
2,12,2,"028  PICT0028.JPG"
2,12,3,"029  PICT0029.JPG"
2,12,4,"030  PICT0030.JPG"
2,12,5,"031  PICT0031.JPG"
2,13,0,"031  PICT0031.JPG"
2,13,1,"032  PICT0032.JPG"
2,13,2,"033  PICT0033.JPG"
2,13,3,"034  PICT0034.JPG"
2,13,4,"035  PICT0035.JPG"
2,14,0,"036  PICT0036.JPG"
2,14,1,"037  PICT0037.JPG"
2,14,2,"038  PICT0038.JPG"
2,14,3,"039  PICT0039.JPG"
2,15,0,"040  PICT0040.JPG"
2,15,1,"041  PICT0041.JPG"
2,15,2,"042  PICT0042.JPG"
2,15,3,"043  PICT0043.JPG"
2,15,4,"044  PICT0044.JPG"
2,15,5,"045  PICT0045.JPG"
2,16,0,"046  PICT0046.JPG"
2,16,1,"047  PICT0047.JPG"
2,16,2,"048  PICT0048.JPG"
2,16,3,"049  PICT0049.JPG"
2,16,4,"050  PICT0050.JPG"
2,16,5,"051  PICT0051.JPG"
2,17,0,"052  PICT0052.JPG"
2,17,1,"053  PICT0053.JPG"
2,17,2,"054  PICT0054.JPG"
2,17,3,"055  PICT0055.JPG"
2,17,4,"056  PICT0056.JPG"
2,17,5,"057  PICT0057.JPG"
2,17,6,"058  PICT0058.JPG"
2,19,0,"059  PICT0059.JPG"
2,20,0,"060  PICT0060.JPG"
2,20,1,"061  PICT0061.JPG"
2,22,0,"062  PICT0062.JPG"
2,23,0,"063  PICT0063.JPG"
2,27,0,"064  PICT0064.JPG"
2,27,1,"065  PICT0065.JPG"
2,27,2,"066  PICT0066.JPG"
2,28,0,"066  PICT0066.JPG"
2,28,1,"067  PICT0067.JPG"
2,28,2,"068  PICT0068.JPG"
2,28,3,"069  PICT0069.JPG"
2,29,0,"069  PICT0069.JPG"
2,29,1,"070  PICT0070.JPG"
2,29,2,"071  PICT0071.JPG"
2,29,3,"072  PICT0072.JPG"
2,29,4,"073  PICT0073.JPG"
2,29,5,"074  PICT0074.JPG"
2,30,0,"074  PICT0074.JPG"
2,30,1,"075  PICT0075.JPG"
2,30,2,"076  PICT0076.JPG"
2,30,3,"077  PICT0077.JPG"
2,30,4,"078  PICT0078.JPG"
2,31,0,"079  PICT0079.JPG"
2,31,1,"080  PICT0080.JPG"
2,31,2,"081  PICT0081.JPG"
2,31,3,"082  PICT0082.JPG"
2,32,0,"082  PICT0082.JPG"
2,32,1,"083  PICT0083.JPG"
2,32,2,"084  PICT0084.JPG"
2,34,0,"084  PICT0084.JPG"
2,35,0,"085  PICT0085.JPG"
2,37,0,"086  PICT0086.JPG"
2,38,0,"087  PICT0087.JPG"
2,42,0,"088  PICT0088.JPG"
2,42,1,"089  PICT0089.JPG"
2,43,0,"089  PICT0089.JPG"
2,43,1,"090  PICT0090.JPG"
2,43,2,"091  PICT0091.JPG"
2,44,0,"092  PICT0092.JPG"
2,44,1,"093  PICT0093.JPG"
2,44,2,"094  PICT0094.JPG"
2,45,0,"094  PICT0094.JPG"
2,45,1,"095  PICT0095.JPG"
2,45,2,"096  PICT0096.JPG"
2,46,0,"097  PICT0097.JPG"
2,46,1,"098  PICT0098.JPG"
2,46,2,"099  PICT0099.JPG"
2,46,3,"100  PICT0100.JPG"
2,47,0,"101  PICT0101.JPG"
2,47,1,"102  PICT0102.JPG"
2,47,2,"103  PICT0103.JPG"
2,47,3,"104  PICT0104.JPG"
2,48,0,"105  PICT0105.JPG"
2,48,1,"106  PICT0106.JPG"
2,48,2,"107  PICT0107.JPG"
2,49,0,"107  PICT0107.JPG"
2,49,1,"108  PICT0108.JPG"
2,49,2,"109  PICT0109.JPG"
2,49,3,"110  PICT0110.JPG"
2,50,0,"110  PICT0110.JPG"
2,50,1,"111  PICT0111.JPG"
2,50,2,"112  PICT0112.JPG"
2,50,3,"113  PICT0113.JPG"
2,50,4,"114  PICT0114.JPG"
2,50,5,"115  PICT0115.JPG"
2,51,0,"116  PICT0116.JPG"
2,52,0,"117  PICT0117.JPG"
2,54,0,"118  PICT0118.JPG"
2,56,0,"119  PICT0119.JPG"
2,60,0,"120  PICT0120.JPG"
2,60,1,"121  PICT0121.JPG"
2,60,2,"122  PICT0122.JPG"
2,60,3,"123  PICT0123.JPG"
2,60,4,"124  PICT0124.JPG"
2,60,5,"125  PICT0125.JPG"
2,60,6,"126  PICT0126.JPG"
2,60,7,"127  PICT0127.JPG"
2,60,8,"128  PICT0128.JPG"
2,60,9,"129  PICT0129.JPG"
2,60,10,"130  PICT0130.JPG"
2,60,11,"131  PICT0131.JPG"
2,60,12,"132  PICT0132.JPG"
2,61,0,"132  PICT0132.JPG"
2,61,1,"133  PICT0133.JPG"
2,61,2,"134  PICT0134.JPG"
2,61,3,"135  PICT0135.JPG"
2,61,4,"136  PICT0136.JPG"
2,61,5,"137  PICT0137.JPG"
2,61,6,"138  PICT0138.JPG"
2,61,7,"139  PICT0139.JPG"
2,61,8,"140  PICT0140.JPG"
2,61,9,"141  PICT0141.JPG"
2,61,10,"142  PICT0142.JPG"
2,61,11,"143  PICT0143.JPG"
2,61,12,"144  PICT0144.JPG"
2,61,13,"145  PICT0145.JPG"
2,63,0,"146  PICT0146.JPG"
2,64,0,"147  PICT0147.JPG"
2,66,0,"148  PICT0148.JPG"
2,68,0,"149  PICT0149.JPG"
2,73,0,"150 03-02-1123-9741-LXV.jpg"
2,73,1,"151 03-02-1123-9741-LXV v.jpg"
2,73,2,"152 03-02-1123-9741-LXVI.jpg"
2,74,0,"152 03-02-1123-9741-LXVI.jpg"
2,74,1,"153 03-02-1123-9741-LXVI v.jpg"
2,75,0,"154 03-02-1123-9741-LXVII.jpg"
2,75,1,"155 03-02-1123-9741-LXVII v.jpg"
2,75,2,"156 03-02-1123-9741-LXVIII.jpg"
2,75,3,"157 03-02-1123-9741-LXVIII v.jpg"
2,75,4,"158 03-02-1123-9741-LXIX.jpg"
2,75,5,"159 03-02-1123-9741-LXIX v.jpg"
2,75,6,"160 03-02-1123-9741-LXX.jpg"
2,75,7,"161 03-02-1123-9741-LXX v.jpg"
2,75,8,"162 03-02-1123-9741-LXXI.jpg"
2,75,9,"163 03-02-1123-9741-LXXI v.jpg"
2,75,10,"164 03-02-1123-9741-LXXII.jpg"
2,76,0,"165 03-02-1123-9741-LXXII v.jpg"
2,76,1,"166 03-02-1123-9741-LXXIII.jpg"
2,76,2,"167 03-02-1123-9741-LXXIII v.jpg"
2,76,3,"168 03-02-1123-9741-LXXIV.jpg"
2,76,4,"169 03-02-1123-9741-LXXIV v.jpg"
2,76,5,"170 03-02-1123-9741-LXXV.jpg"
2,76,6,"171 03-02-1123-9741-LXXV v.jpg"
2,76,7,"172  PICT0172.JPG"
2,76,8,"173 03-02-1123-9741-LXXVI v.jpg"
2,77,0,"174 03-02-1123-9741-LXXVII.jpg"
2,77,1,"175 03-02-1123-9741-LXXVII v.jpg"
2,77,2,"176 03-02-1123-9741-LXXVIII.jpg"
2,78,0,"176 03-02-1123-9741-LXXVIII.jpg"
2,78,1,"177 02-02-1123-9741-LXXVIII v.jpg"
2,78,2,"178 02-02-1123-9741-LXXIX.jpg"
2,78,3,"179 02-02-1123-9741-LXXIX v.jpg"
2,78,4,"180 02-02-1123-9741-LXXX.jpg"
2,79,0,"180 02-02-1123-9741-LXXX.jpg"
2,79,1,"181 02-02-1123-9741-LXXX v.jpg"
2,81,0,"182 02-02-1123-9741-LXXXI.jpg"
2,82,0,"183  PICT0183.JPG"
2,84,0,"190  PICT0190.JPG"
2,86,0,"191  PICT0191.JPG"
2,90,0,"192  PICT0192.JPG"
2,90,1,"193  PICT0193.JPG"
2,90,2,"194  PICT0194.JPG"
2,90,3,"195  PICT0195.JPG"
2,90,4,"196  PICT0196.JPG"
2,90,5,"197  PICT0197.JPG"
2,90,6,"198  PICT0198.JPG"
2,90,7,"199  PICT0199.JPG"
2,90,8,"200  PICT0200.JPG"
2,91,0,"201  PICT0201.JPG"
2,91,1,"202  PICT0202.JPG"
2,91,2,"203  PICT0203.JPG"
2,91,3,"204  PICT0204.JPG"
2,91,4,"205  PICT0205.JPG"
2,92,0,"205  PICT0205.JPG"
2,92,1,"206  PICT0206.JPG"
2,92,2,"207  PICT0207.JPG"
2,92,3,"208  PICT0208.JPG"
2,92,4,"209  PICT0209.JPG"
2,93,0,"209  PICT0209.JPG"
2,93,1,"210  PICT0210.JPG"
2,93,2,"211  PICT0211.JPG"
2,93,3,"212  PICT0212.JPG"
2,93,4,"213  PICT0213.JPG"
2,95,0,"214  PICT0214.JPG"
2,95,1,"215  PICT0215.JPG"
2,96,0,"216  PICT0216.JPG"
2,96,1,"217  PICT0217.JPG"
2,97,0,"218  PICT0218.JPG"
2,98,0,"219  PICT0219.JPG"
2,100,0,"220  PICT0220.JPG"
3,1,0,"Pict0004.jpg"
3,3,0,"Pict0005.jpg"
3,4,0,"Pict0006.jpg"
3,5,0,"Pict0007.jpg"
3,5,1,"Pict0008.jpg"
3,5,2,"Pict0009.jpg"
3,6,0,"Pict0010.jpg"
3,7,0,"Pict0011.jpg"
3,11,0,"Pict0012.jpg"
3,11,1,"Pict0013.jpg"
3,12,0,"Pict0014.jpg"
3,12,1,"Pict0015.jpg"
3,13,0,"Pict0016.jpg"
3,13,1,"Pict0017.jpg"
3,14,0,"Pict0018.jpg"
3,14,1,"Pict0019.jpg"
3,15,0,"Pict0020.jpg"
3,15,1,"Pict0021.jpg"
3,16,0,"Pict0022.jpg"
3,16,1,"Pict0023.jpg"
3,17,0,"Pict0024.jpg"
3,17,1,"Pict0025.jpg"
3,17,2,"Pict0026.jpg"
3,18,0,"Pict0026.jpg"
3,18,1,"Pict0027.jpg"
3,18,2,"Pict0028.jpg"
3,19,0,"Pict0028.jpg"
3,19,1,"Pict0029.jpg"
3,19,2,"Pict0030.jpg"
3,19,3,"Pict0031.jpg"
3,20,0,"Pict0031.jpg"
3,20,1,"Pict0032.jpg"
3,20,2,"Pict0033.jpg"
3,20,3,"Pict0034.jpg"
3,21,0,"Pict0034.jpg"
3,21,1,"Pict0035.jpg"
3,21,2,"Pict0036.jpg"
3,22,0,"Pict0036.jpg"
3,22,1,"Pict0037.jpg"
3,22,2,"Pict0038.jpg"
3,22,3,"Pict0039.jpg"
3,22,4,"Pict0040.jpg"
3,23,0,"Pict0041.jpg"
3,23,1,"Pict0042.jpg"
3,23,2,"Pict0043.jpg"
3,24,0,"Pict0045.jpg"
3,24,1,"Pict0046.jpg"
3,24,2,"Pict0047.jpg"
3,25,0,"Pict0047.jpg"
3,25,1,"Pict0048.jpg"
3,25,2,"Pict0049.jpg"
3,25,3,"Pict0050.jpg"
3,26,0,"Pict0050.jpg"
3,26,1,"Pict0051.jpg"
3,27,0,"Pict0051.jpg"
3,27,1,"Pict0052.jpg"
3,31,0,"Pict0053.jpg"
3,31,1,"Pict0054.jpg"
3,32,0,"Pict0054.jpg"
3,32,1,"Pict0055.jpg"
3,33,0,"Pict0055.jpg"
3,33,1,"Pict0056.jpg"
3,34,0,"Pict0057.jpg"
3,35,0,"Pict0058.jpg"
3,36,0,"Pict0059.jpg"
3,38,0,"Pict0060.jpg"
3,39,0,"Pict0061.jpg"
3,43,0,"Pict0062.jpg"
3,44,0,"Pict0062.jpg"
3,44,1,"Pict0063.jpg"
3,44,2,"Pict0064.jpg"
3,44,3,"Pict0065.jpg"
3,45,0,"Pict0066.jpg"
3,45,1,"Pict0067.jpg"
3,45,2,"Pict0068.jpg"
3,46,0,"Pict0068.jpg"
3,46,1,"Pict0069.jpg"
3,46,2,"Pict0070.jpg"
3,47,0,"Pict0071.jpg"
3,48,0,"Pict0071.jpg"
3,48,1,"Pict0072.jpg"
3,48,2,"Pict0073.jpg"
3,49,0,"Pict0074.jpg"
3,49,1,"Pict0075.jpg"
3,50,0,"Pict0076.jpg"
3,51,0,"Pict0076.jpg"
3,51,1,"Pict0077.jpg"
3,51,2,"Pict0078.jpg"
3,51,3,"Pict0079.jpg"
3,52,0,"Pict0079.jpg"
3,52,1,"Pict0080.jpg"
3,52,2,"Pict0081.jpg"
3,52,3,"Pict0082.jpg"
3,53,0,"Pict0082.jpg"
3,53,1,"Pict0083.jpg"
3,54,0,"Pict0083.jpg"
3,54,1,"Pict0084.jpg"
3,54,2,"Pict0085.jpg"
3,55,0,"Pict0085.jpg"
3,55,1,"Pict0086.jpg"
3,55,2,"Pict0087.jpg"
3,56,0,"Pict0087.jpg"
3,56,1,"Pict0088.jpg"
3,57,0,"Pict0088.jpg"
3,57,1,"Pict0089.jpg"
3,57,2,"Pict0090.jpg"
3,58,0,"Pict0090.jpg"
3,58,1,"Pict0091.jpg"
3,58,2,"Pict0092.jpg"
3,58,3,"Pict0093.jpg"
3,59,0,"Pict0093.jpg"
3,59,1,"Pict0094.jpg"
3,60,0,"Pict0094.jpg"
3,60,1,"Pict0095.jpg"
3,60,2,"Pict0096.jpg"
3,61,0,"Pict0096.jpg"
3,61,1,"Pict0099.jpg"
3,61,2,"Pict0100.jpg"
3,61,3,"Pict0101.jpg"
3,61,4,"Pict0102.jpg"
3,62,0,"Pict0102.jpg"
3,62,1,"Pict0103.jpg"
3,63,0,"Pict0103.jpg"
3,63,1,"Pict0104.jpg"
3,63,2,"Pict0105.jpg"
3,64,0,"Pict0106.jpg"
3,64,1,"Pict0107.jpg"
3,64,2,"Pict0108.jpg"
3,64,3,"Pict0109.jpg"
3,65,0,"Pict0110.jpg"
3,66,0,"Pict0110.jpg"
3,66,1,"Pict0111.jpg"
3,66,2,"Pict0112.jpg"
3,66,3,"Pict0113.jpg"
3,67,0,"Pict0113.jpg"
3,67,1,"Pict0114.jpg"
3,67,2,"Pict0115.jpg"
3,68,0,"Pict0116.jpg"
3,68,1,"Pict0117.jpg"
3,70,0,"Pict0118.jpg"
3,71,0,"Pict0119.jpg"
3,75,0,"Pict0120.jpg"
3,75,1,"Pict0121.jpg"
3,75,2,"Pict0122.jpg"
3,75,3,"Pict0123.jpg"
3,75,4,"Pict0124.jpg"
3,75,5,"Pict0125.jpg"
3,76,0,"Pict0126.jpg"
3,76,1,"Pict0127.jpg"
3,76,2,"Pict0128.jpg"
3,76,3,"Pict0129.jpg"
3,79,0,"Pict0130.jpg"
3,79,1,"Pict0131.jpg"
3,79,2,"Pict0132.jpg"
3,79,3,"Pict0133.jpg"
3,79,4,"Pict0134.jpg"
3,79,5,"Pict0135.jpg"
3,79,6,"Pict0136.jpg"
3,79,7,"Pict0137.jpg"
3,79,8,"Pict0138.jpg"
3,79,9,"Pict0139.jpg"
3,80,0,"Pict0139.jpg"
3,80,1,"Pict0140.jpg"
3,80,2,"Pict0141.jpg"
3,81,0,"Pict0141.jpg"
3,81,1,"Pict0142.jpg"
3,81,2,"Pict0143.jpg"
3,82,0,"Pict0144.jpg"
3,82,1,"Pict0145.jpg"
3,82,2,"Pict0145a.jpg"
3,83,0,"Pict0145a.jpg"
3,83,1,"Pict0145b.jpg"
3,83,2,"Pict0145c.jpg"
3,83,3,"Pict0145d.jpg"
3,84,0,"Pict0145d.jpg"
3,84,1,"Pict0146.jpg"
3,84,2,"Pict0148.jpg"
3,84,3,"Pict0149.jpg"
3,84,4,"Pict0150.jpg"
3,84,5,"Pict0151.jpg"
3,85,0,"Pict0151.jpg"
3,85,1,"Pict0152.jpg"
3,85,2,"Pict0153.jpg"
3,85,3,"Pict0154.jpg"
3,86,0,"Pict0154a.jpg"
3,86,1,"Pict0154b.jpg"
3,86,2,"Pict0154c.jpg"
3,87,0,"Pict0154c.jpg"
3,87,1,"Pict0154d.jpg"
3,87,2,"Pict0155.jpg"
3,87,3,"Pict0156.jpg"
3,87,4,"Pict0157.jpg"
3,88,0,"Pict0157.jpg"
3,88,1,"Pict0160.jpg"
3,88,2,"Pict0161.jpg"
3,88,3,"Pict0162.jpg"
3,88,4,"Pict0163.jpg"
3,89,0,"Pict0164.jpg"
3,89,1,"Pict0165.jpg"
3,89,2,"Pict0166.jpg"
3,89,3,"Pict0167.jpg"
3,89,4,"Pict0168.jpg"
3,90,0,"Pict0169.jpg"
3,90,1,"Pict0170.jpg"
3,90,2,"Pict0171.jpg"
3,90,3,"Pict0172.jpg"
3,90,4,"Pict0173.jpg"
3,91,0,"Pict0174.jpg"
3,91,1,"Pict0175.jpg"
3,91,2,"Pict0176.jpg"
3,91,3,"Pict0177.jpg"
3,92,0,"Pict0178.jpg"
3,92,1,"Pict0179.jpg"
3,92,3,"Pict0180.jpg"
3,92,4,"Pict0181.jpg"
3,92,5,"Pict0182.jpg"
3,93,0,"Pict0180a.jpg"
3,94,0,"Pict0180b.jpg"
3,94,1,"Pict0183.jpg"
3,95,0,"Pict0183.jpg"
3,95,1,"Pict0184.jpg"
3,95,2,"Pict0185.jpg"
3,95,3,"Pict0186.jpg"
3,95,4,"Pict0187.jpg"
3,95,5,"Pict0188.jpg"
3,95,6,"Pict0188a.jpg"
3,96,0,"Pict0188a.jpg"
3,96,1,"Pict0188b.jpg"
3,96,2,"Pict0189.jpg"
3,96,3,"Pict0190.jpg"
3,96,4,"Pict0191.jpg"
3,96,5,"Pict0192.jpg"
3,97,0,"Pict0192.jpg"
3,97,1,"Pict0193.jpg"
3,97,2,"Pict0194.jpg"
3,97,3,"Pict0195.jpg"
3,97,4,"Pict0196.jpg"
3,97,5,"Pict0196a.jpg"
3,98,0,"Pict0196a.jpg"
3,98,1,"Pict0196b.jpg"
3,99,0,"Pict0197.jpg"
3,99,1,"Pict0198.jpg"
3,99,2,"Pict0199.jpg"
3,99,3,"Pict0200.jpg"
3,99,4,"Pict0201.jpg"
3,100,0,"Pict0202.jpg"
3,100,1,"Pict0203.jpg"
3,100,2,"Pict0204.jpg"
3,100,3,"Pict0205.jpg"
3,100,4,"Pict0206.jpg"
3,101,0,"Pict0207.jpg"
3,101,1,"Pict0209.jpg"
3,101,2,"Pict0210.jpg"
3,101,3,"Pict0211.jpg"
3,101,4,"Pict0212.jpg"
3,101,5,"Pict0213.jpg"
3,102,0,"Pict0214.jpg"
3,102,1,"Pict0215.jpg"
3,102,2,"Pict0216.jpg"
3,102,3,"Pict0217.jpg"
3,102,4,"Pict0218.jpg"
3,103,0,"Pict0218.jpg"
3,103,1,"Pict0219.jpg"
3,103,2,"Pict0220.jpg"
3,104,0,"Pict0220.jpg"
3,104,1,"Pict0221.jpg"
3,105,0,"Pict0222.jpg"
3,105,1,"Pict0223.jpg"
3,105,2,"Pict0224.jpg"
3,107,0,"Pict0224.jpg"
3,108,0,"Pict0225.jpg"
3,109,0,"Pict0226.jpg"
3,109,1,"Pict0227.jpg"
3,111,0,"Pict0228.jpg"
3,112,0,"Pict0229.jpg"
3,115,0,"Pict0230.jpg"
3,117,0,"Pict0231.jpg"
3,119,0,"Pict0232.jpg"
3,119,1,"Pict0233.jpg"
3,119,2,"Pict0234.jpg"
3,119,3,"Pict0235.jpg"
3,119,4,"Pict0236.jpg"
3,119,5,"Pict0237.jpg"
3,119,6,"Pict0238.jpg"
3,119,7,"Pict0239.jpg"
3,119,8,"Pict0240.jpg"
3,119,9,"Pict0241.jpg"
3,119,10,"Pict0242.jpg"
3,119,11,"Pict0243.jpg"
3,119,12,"Pict0244.jpg"
3,119,13,"Pict0245.jpg"
3,119,14,"Pict0246.jpg"
3,119,15,"Pict0247.jpg"
3,119,16,"Pict0248.jpg"
3,119,17,"Pict0249.jpg"
3,119,18,"Pict0250.jpg"
3,119,19,"Pict0251.jpg"
4,1,0,"007 PICT0007b.JPG"
4,3,0,"008 PICT0004b.JPG"
4,6,0,"010 PICT0005b.JPG"
4,7,0,"011 PICT0006.JPG"
4,8,0,"012 PICT0006b.JPG"
4,9,0,"013 PICT0007.JPG"
4,9,1,"014 PICT0007b.JPG"
4,9,2,"015 PICT0008.JPG"
4,10,0,"016 PICT0008b.JPG"
4,11,0,"016 PICT0008b.JPG"
4,11,1,"017 PICT0009.JPG"
4,11,2,"018 PICT0009b.JPG"
4,12,0,"019 PICT0010.JPG"
4,12,1,"020 PICT0010b.JPG"
4,12,2,"021 PICT0011.JPG"
4,12,3,"022 PICT0011b.JPG"
4,12,4,"023 PICT0012.JPG"
4,13,0,"023 PICT0012.JPG"
4,18,0,"024 04-02-1123-14018-I.jpg"
4,19,0,"025 04-02-1123-14018-I v.jpg"
4,20,0,"025 04-02-1123-14018-I v.jpg"
4,20,1,"026 04-02-1123-14018-II.jpg"
4,21,0,"026 04-02-1123-14018-II.jpg"
4,22,0,"026 04-02-1123-14018-II.jpg"
4,22,1,"027 04-02-1123-14018-II v.jpg"
4,23,0,"027 04-02-1123-14018-II v.jpg"
4,23,1,"028 04-02-1123-14018-III.jpg"
4,24,0,"029 04-02-1123-14018-III v.jpg"
4,24,1,"030 04-02-1123-14018-IV.jpg"
4,24,2,"031 04-02-1123-14018-IV v.jpg"
4,24,3,"032 04-02-1123-14018-V.jpg"
4,26,0,"032 04-02-1123-14018-V.jpg"
4,30,0,"032 04-02-1123-14018-V.jpg"
4,31,0,"033 PICT0017.jpg"
4,32,0,"033 PICT0017.jpg"
4,32,1,"034 04-02-1123-14018-VI.jpg"
4,32,2,"035 04-02-1123-14018-VI v.jpg"
4,33,0,"035 04-02-1123-14018-VI v.jpg"
4,34,0,"035 04-02-1123-14018-VI v.jpg"
4,34,2,"036 04-02-1123-14018-VII.jpg"
4,35,0,"037 04-02-1123-14018-VII v.jpg"
4,35,1,"038 04-02-1123-14018-VIII.jpg"
4,36,0,"038 04-02-1123-14018-VIII.jpg"
4,36,1,"039 04-02-1123-14018-VIII v.jpg"
4,37,0,"039 04-02-1123-14018-VIII v.jpg"
4,37,1,"040 04-02-1123-14018-IX.jpg"
4,37,2,"041 04-02-1123-14018-IX v.jpg"
4,38,0,"041 04-02-1123-14018-IX v.jpg"
4,38,1,"042 04-02-1123-14018-X.jpg"
4,39,0,"043 04-02-1123-14018-X v.jpg"
4,40,0,"043 04-02-1123-14018-X v.jpg"
4,40,1,"044 04-02-1123-14018-XI.jpg"
4,41,0,"045 04-02-1123-14018-XI v.jpg"
4,41,1,"046 04-02-1123-14018-XII.jpg"
4,42,0,"046 04-02-1123-14018-XII.jpg"
4,42,1,"047 04-02-1123-14018-XII v.jpg"
4,42,2,"048 04-02-1123-14018-XIII.jpg"
4,43,0,"048 04-02-1123-14018-XIII.jpg"
4,43,1,"049 04-02-1123-14018-XIII v.jpg"
4,44,0,"050 04-02-1123-14018-XIV.jpg"
4,44,1,"051 04-02-1123-14018-XIV v.jpg"
4,45,0,"052 04-02-1123-14018-XV.jpg"
4,45,1,"053 04-02-1123-14018-XV v.jpg"
4,46,0,"053 04-02-1123-14018-XV v.jpg"
4,46,1,"054 04-02-1123-14018-XVI.jpg"
4,47,0,"055 04-02-1123-14018-XVI v.jpg"
4,47,1,"056 04-02-1123-14018-XVII.jpg"
4,48,0,"056 04-02-1123-14018-XVII.jpg"
4,48,1,"057 04-02-1123-14018-XVII v.jpg"
4,49,0,"057 04-02-1123-14018-XVII v.jpg"
4,49,1,"058 04-02-1123-14018-XVIII.jpg"
4,49,2,"059 04-02-1123-14018-XVIII v.jpg"
4,50,0,"059 04-02-1123-14018-XVIII v.jpg"
4,50,1,"060 04-02-1123-14018-XIX.jpg"
4,50,2,"061 04-02-1123-14018-XIX v.jpg"
4,51,0,"061 04-02-1123-14018-XIX v.jpg"
4,51,1,"062 04-02-1123-14018-XX.jpg"
4,52,0,"062 04-02-1123-14018-XX.jpg"
4,52,1,"063 03-02-1123-14018-XX v.jpg"
4,53,0,"063 03-02-1123-14018-XX v.jpg"
4,53,1,"064 03-02-1123-14018-XXI.jpg"
4,54,0,"064 03-02-1123-14018-XXI.jpg"
4,55,0,"065 03-02-1123-14018-XXI v.jpg"
4,56,0,"065 03-02-1123-14018-XXI v.jpg"
4,56,1,"066 03-02-1123-14018-XXII.jpg"
4,57,0,"066 03-02-1123-14018-XXII.jpg"
4,58,0,"066 03-02-1123-14018-XXII.jpg"
4,58,1,"067 03-02-1123-14018-XXII v.jpg"
4,59,0,"067 03-02-1123-14018-XXII v.jpg"
4,60,0,"067 03-02-1123-14018-XXII v.jpg"
4,60,1,"068 03-02-1123-14018-XXIII.jpg"
4,61,0,"068 03-02-1123-14018-XXIII.jpg"
4,61,1,"069 03-02-1123-14018-XXIII v.jpg"
4,62,0,"069 03-02-1123-14018-XXIII v.jpg"
4,63,0,"069 03-02-1123-14018-XXIII v.jpg"
4,63,1,"070 03-02-1123-14018-XXIV.jpg"
4,64,0,"070 03-02-1123-14018-XXIV.jpg"
4,65,0,"070 03-02-1123-14018-XXIV.jpg"
4,66,0,"070 03-02-1123-14018-XXIV.jpg"
4,67,0,"070 03-02-1123-14018-XXIV.jpg"
4,67,1,"071 03-02-1123-14018-XXIV v.jpg"
4,68,0,"071 03-02-1123-14018-XXIV v.jpg"
4,68,1,"072 03-02-1123-14018-XXV.jpg"
4,69,0,"072 03-02-1123-14018-XXV.jpg"
4,70,0,"072 03-02-1123-14018-XXV.jpg"
4,70,1,"073 03-02-1123-14018-XXV v.jpg"
4,71,0,"073 03-02-1123-14018-XXV v.jpg"
4,71,1,"074 03-02-1123-14018-XXVI.jpg"
4,72,0,"074 03-02-1123-14018-XXVI.jpg"
4,73,0,"074 03-02-1123-14018-XXVI.jpg"
4,74,0,"075 03-02-1123-14018-XXVI v.jpg"
4,75,0,"075 03-02-1123-14018-XXVI v.jpg"
4,77,0,"075 03-02-1123-14018-XXVI v.jpg"
4,81,0,"076 PICT0039b.JPG"
4,82,0,"077 PICT0040.JPG"
4,83,0,"078 PICT0040b.JPG"
4,84,0,"078 PICT0040b.JPG"
4,84,1,"079 PICT0041.JPG"
4,84,2,"080 PICT0041b.JPG"
4,85,0,"081 PICT0042.JPG"
4,85,1,"082 PICT0042b.JPG"
4,86,0,"083 PICT0043.JPG"
4,86,1,"084 PICT0043b.JPG"
4,87,0,"084 PICT0043b.JPG"
4,88,0,"085 PICT0044.JPG"
4,88,1,"086 PICT0044b.JPG"
4,89,0,"087 PICT0045.JPG"
4,90,0,"088 PICT0045b.JPG"
4,90,1,"089 PICT0046.JPG"
4,91,0,"090 PICT0046b.JPG"
4,92,0,"090 PICT0046b.JPG"
4,92,1,"091 PICT0047.JPG"
4,93,0,"092 PICT0047b.JPG"
4,93,1,"093 PICT0048.JPG"
4,94,0,"093 PICT0048.JPG"
4,94,1,"094 PICT0048b.JPG"
4,94,2,"095 PICT0049.JPG"
4,95,0,"095 PICT0049.JPG"
4,95,1,"096 PICT0049b.JPG"
4,96,0,"097 PICT0050.JPG"
4,96,1,"098 PICT0050b.JPG"
4,97,0,"098 PICT0050b.JPG"
4,97,1,"099 PICT0051.JPG"
4,97,2,"100 PICT0051b.JPG"
4,98,0,"100 PICT0051b.JPG"
4,99,0,"101 PICT0052.JPG"
4,100,0,"102 PICT0052b.JPG"
4,100,1,"103 PICT0053.JPG"
4,101,0,"104 PICT0053b.JPG"
4,101,1,"105 PICT0054.JPG"
4,101,2,"106 PICT0054b.JPG"
4,102,0,"107 PICT0055.JPG"
4,103,0,"108 PICT0055b.JPG"
4,104,0,"109 PICT0056.JPG"
4,104,1,"110 PICT0029.JPG"
4,105,0,"110 PICT0029.JPG"
4,105,1,"111 PICT0030b.JPG"
4,106,0,"111 PICT0030b.JPG"
4,108,0,"112 PICT0030.JPG"
4,112,0,"113 PICT0031b.JPG"
4,112,1,"114 PICT0031.JPG"
4,112,2,"115 PICT0032b.JPG"
4,112,3,"116 PICT0032.JPG"
4,113,0,"115 PICT0032b.JPG"
4,113,1,"116 PICT0032.JPG"
4,113,2,"117 PICT0033b.JPG"
4,113,3,"118 PICT0033.JPG"
4,114,0,"117 PICT0033b.JPG"
4,114,1,"118 PICT0033.JPG"
4,114,2,"119 PICT0034b.JPG"
4,114,3,"120 PICT0034.JPG"
4,115,0,"119 PICT0034b.JPG"
4,115,1,"120 PICT0034.JPG"
4,115,2,"121 PICT0035b.JPG"
4,115,3,"122 PICT0035.JPG"
4,116,0,"121 PICT0035b.JPG"
4,116,1,"122 PICT0035.JPG"
4,117,0,"123 PICT0036b.JPG"
4,117,1,"124 PICT0036.JPG"
4,118,0,"125 PICT0037b.JPG"
4,118,1,"126 PICT0037.JPG"
4,118,2,"127 PICT0038b.JPG"
4,118,3,"128 PICT0038.JPG"
4,119,0,"127 PICT0038b.JPG"
4,119,1,"128 PICT0038.JPG"
4,120,0,"129 PICT0039b.JPG"
4,120,1,"130 PICT0039.JPG"
4,120,2,"131 PICT0040b.JPG"
4,120,3,"132 PICT0040.JPG"
4,121,0,"131 PICT0040b.JPG"
4,121,1,"132 PICT0040.JPG"
4,121,2,"133 PICT0041b.JPG"
4,121,3,"134 PICT0041.JPG"
4,122,0,"133 PICT0041b.JPG"
4,122,1,"134 PICT0041.JPG"
4,122,2,"135 PICT0043b.JPG"
4,122,3,"136 PICT0043.JPG"
4,123,0,"137 PICT0044b.JPG"
4,123,1,"138 PICT0044.JPG"
4,123,2,"139 PICT0045b.JPG"
4,123,3,"140 PICT0045.JPG"
4,124,0,"139 PICT0045b.JPG"
4,124,1,"140 PICT0045.JPG"
4,124,2,"141 PICT0046b.JPG"
4,124,3,"142 PICT0046.JPG"
4,125,0,"143 PICT0047b.JPG"
4,125,1,"144 PICT0047.JPG"
4,126,0,"145 PICT0048b.JPG"
4,126,1,"146 PICT0048.JPG"
4,127,0,"145 PICT0048b.JPG"
4,127,1,"146 PICT0048.JPG"
4,127,2,"147 PICT0049b.JPG"
4,127,3,"148 PICT0049.JPG"
4,128,0,"148 PICT0049.JPG"
4,131,0,"149 PICT0050b.JPG"
4,132,0,"149 PICT0050b.JPG"
4,132,1,"150 PICT0050.JPG"
4,133,0,"150 PICT0050.JPG"
4,134,0,"150 PICT0050.JPG"
4,134,1,"151 PICT0051b.JPG"
4,134,2,"152 PICT0051.JPG"
4,135,0,"152 PICT0051.JPG"
4,135,1,"153 PICT0052b.JPG"
4,136,0,"153 PICT0052b.JPG"
4,136,1,"154 PICT0052.JPG"
4,136,2,"155 PICT0053b.JPG"
4,137,0,"155 PICT0053b.JPG"
4,137,1,"156 PICT0053.JPG"
4,138,0,"157 PICT0054b.JPG"
4,138,1,"158 PICT0054.JPG"
4,139,0,"158 PICT0054.JPG"
4,139,1,"159 PICT0055b.JPG"
4,140,0,"159 PICT0055b.JPG"
4,140,1,"160 PICT0055.JPG"
4,141,0,"160 PICT0055.JPG"
4,141,1,"161 PICT0006b.JPG"
4,142,0,"161 PICT0006b.JPG"
4,143,0,"162 PICT0006.JPG"
4,144,0,"162 PICT0006.JPG"
4,144,1,"163 PICT0007b.JPG"
4,145,0,"164 PICT0007.JPG"
4,145,1,"165 PICT0008b.JPG"
4,146,0,"165 PICT0008b.JPG"
4,146,1,"166 PICT0008.JPG"
4,147,0,"166 PICT0008.JPG"
4,147,1,"167 PICT0009b.JPG"
4,147,2,"168 PICT0009.JPG"
4,148,0,"168 PICT0009.JPG"
4,148,1,"169 PICT0010b.JPG"
4,149,0,"169 PICT0010b.JPG"
4,149,1,"170 PICT0010.JPG"
4,150,0,"170 PICT0010.JPG"
4,150,1,"171 PICT0011b.JPG"
4,151,0,"171 PICT0011b.JPG"
4,151,1,"172 PICT0011.JPG"
4,151,2,"173 PICT0012b.JPG"
4,152,0,"173 PICT0012b.JPG"
4,152,1,"174 PICT0012.JPG"
4,152,2,"175 PICT0013b.JPG"
4,153,0,"175 PICT0013b.JPG"
4,153,1,"176 PICT0013.JPG"
4,154,0,"176 PICT0013.JPG"
4,154,1,"177 PICT0014b.JPG"
4,155,0,"177 PICT0014b.JPG"
4,155,1,"177 PICT0014.JPG"
4,156,0,"178 PICT0014.JPG"
4,156,1,"179 PICT0015b.JPG"
4,157,0,"179 PICT0015b.JPG"
4,157,1,"180 PICT0015.JPG"
4,157,2,"181 PICT0016b.JPG"
4,158,0,"181 PICT0016b.JPG"
4,158,1,"181 PICT0016.JPG"
4,159,0,"182 PICT0016.JPG"
4,159,1,"183 PICT0017b.JPG"
4,160,0,"183 PICT0017b.JPG"
4,160,1,"184 PICT0017.JPG"
4,161,0,"184 PICT0017.JPG"
4,161,1,"185 PICT0018b.JPG"
4,162,0,"185 PICT0018b.JPG"
4,162,1,"186 PICT0018.JPG"
4,163,0,"186 PICT0018.JPG"
4,163,1,"187 PICT0019b.JPG"
4,165,0,"187 PICT0019b.JPG"
4,169,0,"188 PICT0019.JPG"
4,170,0,"189 PICT0020b.JPG"
4,171,0,"189 PICT0020b.JPG"
4,171,1,"190 PICT0020.JPG"
4,172,0,"190 PICT0020.JPG"
4,172,1,"191 PICT0021b.JPG"
4,173,0,"191 PICT0021b.JPG"
4,173,1,"192 PICT0021.JPG"
4,174,0,"192 PICT0021.JPG"
4,175,0,"193 PICT0022b.JPG"
4,176,0,"193 PICT0022b.JPG"
4,176,1,"194 PICT0022.JPG"
4,177,0,"194 PICT0022.JPG"
4,178,0,"195 PICT0023b.JPG"
4,179,0,"195 PICT0023b.JPG"
4,180,0,"195 PICT0023b.JPG"
4,180,1,"196 PICT0023.JPG"
4,181,0,"196 PICT0023.JPG"
4,182,0,"196 PICT0023.JPG"
4,182,1,"197 PICT0024b.JPG"
4,183,0,"197 PICT0024b.JPG"
4,184,0,"197 PICT0024b.JPG"
4,184,1,"198 PICT0024.JPG"
4,185,0,"198 PICT0024.JPG"
4,186,0,"198 PICT0024.JPG"
4,186,1,"199 PICT0025b.JPG"
4,187,0,"199 PICT0025b.JPG"
4,187,1,"200 PICT0025.JPG"
4,188,0,"200 PICT0025.JPG"
4,189,0,"200 PICT0025.JPG"
4,189,1,"201 PICT0026b.JPG"
4,190,0,"201 PICT0026b.JPG"
4,190,1,"202 PICT0026.JPG"
4,191,0,"202 PICT0026.JPG"
4,192,0,"203 PICT0027b.JPG"
4,193,0,"203 PICT0027b.JPG"
4,194,0,"203 PICT0027b.JPG"
4,195,0,"203 PICT0027b.JPG"
4,195,1,"204 PICT0027.JPG"
4,196,0,"204 PICT0027.JPG"
4,197,0,"204 PICT0027.JPG"
4,197,1,"205 PICT0028b.JPG"
4,198,0,"205 PICT0028b.JPG"
4,199,0,"205 PICT0028b.JPG"
4,200,0,"206 PICT0028.JPG"
4,201,0,"206 PICT0028.JPG"
4,202,0,"207 PICT0029b.JPG"
4,203,0,"207 PICT0029b.JPG"
4,204,0,"207 PICT0029b.JPG"
4,204,1,"208 PICT0029.JPG"
4,205,0,"208 PICT0029.JPG"
4,206,0,"208 PICT0029.JPG"
4,206,1,"209 PICT0030b.JPG"
4,207,0,"209 PICT0030b.JPG"
4,208,0,"209 PICT0030b.JPG"
4,209,0,"209 PICT0030b.JPG"
4,209,1,"210 PICT0095b.JPG"
4,210,0,"210 PICT0095b.JPG"
4,211,0,"210 PICT0095b.JPG"
4,211,1,"211 PICT0096.JPG"
4,213,0,"211 PICT0096.JPG"
4,217,0,"211 PICT0096.JPG"
4,217,1,"212 PICT0031.JPG"
4,217,2,"213 PICT0032b.JPG"
4,218,0,"213 PICT0032b.JPG"
4,218,1,"214 PICT0032.JPG"
4,218,2,"215 PICT0033b.JPG"
4,219,0,"215 PICT0033b.JPG"
4,219,1,"216 PICT0033.JPG"
4,220,0,"217 PICT0034b.JPG"
4,220,1,"218 PICT0034.JPG"
4,220,2,"219 PICT0101.JPG"
4,220,3,"220 PICT0035.JPG"
4,220,4,"221 PICT0036b.JPG"
4,221,0,"221 PICT0036b.JPG"
4,221,1,"222 PICT0036.JPG"
4,221,2,"223 PICT0037b.JPG"
4,221,3,"224 PICT0037.JPG"
4,221,4,"225 PICT0038b.JPG"
4,221,5,"226 PICT0038.JPG"
4,221,6,"227 PICT0039b.JPG"
4,221,7,"228 PICT0039.JPG"
4,222,0,"228 PICT0039.JPG"
4,225,0,"229 PICT0040b.JPG"
4,225,1,"230 PICT0040.JPG"
4,225,2,"231 PICT0041b.JPG"
4,227,0,"231 PICT0041b.JPG"
4,229,0,"232 PICT0041.JPG"
4,229,1,"233 PICT0042b.JPG"
4,229,2,"234 PICT0042.JPG"
5,1,0,"001 PICT0004.JPG"
5,2,0,"002 PICT0005.JPG"
5,3,0,"003 PICT0006.JPG"
5,4,0,"004 PICT0007.JPG"
5,5,0,"005 PICT0008.JPG"
5,5,1,"006 PICT0009.JPG"
5,5,2,"007 PICT0010.JPG"
5,5,3,"008 PICT0011.JPG"
5,9,0,"009 PICT0012.JPG"
5,9,1,"010 PICT0013.JPG"
5,9,2,"011 PICT0014.JPG"
5,9,3,"012 PICT0015.JPG"
5,10,0,"012 PICT0015.JPG"
5,10,1,"013 PICT0016.JPG"
5,10,2,"014 PICT0017.JPG"
5,10,3,"015 PICT0018.JPG"
5,11,0,"015 PICT0018.JPG"
5,12,0,"015 PICT0018.JPG"
5,12,1,"016 05-02-1123-14060-iiii.jpg"
5,15,0,"016 05-02-1123-14060-iiii.jpg"
5,16,0,"016 05-02-1123-14060-iiii.jpg"
5,16,1,"017 05-02-1123-14060-VR.jpg"
5,17,0,"017 05-02-1123-14060-VR.jpg"
5,17,1,"018 05-02-1123-14060-Vv.jpg"
5,18,0,"018 05-02-1123-14060-Vv.jpg"
5,21,0,"018 05-02-1123-14060-Vv.jpg"
5,21,1,"019 PICT0022.JPG"
5,22,0,"020 PICT0023.JPG"
5,22,1,"021 PICT0024.JPG"
5,23,0,"021 PICT0024.JPG"
5,24,0,"022 PICT0025.JPG"
5,27,0,"022 PICT0025.JPG"
5,27,1,"023 PICT0026.JPG"
5,28,0,"023 PICT0026.JPG"
5,28,1,"024 PICT0027.JPG"
5,30,0,"025 05-02-1123-14060-IX.jpg"
5,33,0,"025 05-02-1123-14060-IX.jpg"
5,34,0,"025 05-02-1123-14060-IX.jpg"
5,34,1,"026 05-02-1123-14060-IX v.jpg"
5,35,0,"026 05-02-1123-14060-IX v.jpg"
5,35,1,"027 05-02-1123-14060-X.jpg"
5,36,0,"027 05-02-1123-14060-X.jpg"
5,37,0,"028 05-02-1123-14060-X v.jpg"
5,38,0,"028 05-02-1123-14060-X v.jpg"
5,38,1,"029 05-02-1123-14060-XI.jpg"
5,39,0,"029 05-02-1123-14060-XI.jpg"
5,39,1,"030 05-02-1123-14060-XI v.jpg"
5,40,0,"030 05-02-1123-14060-XI v.jpg"
5,40,1,"031 05-02-1123-14060-XII.jpg"
5,41,0,"031 05-02-1123-14060-XII.jpg"
5,42,0,"031 05-02-1123-14060-XII.jpg"
5,42,1,"032 05-02-1123-14060-XII v.jpg"
5,45,0,"032 05-02-1123-14060-XII v.jpg"
5,45,1,"033 PICT0036.JPG"
5,46,0,"033 PICT0036.JPG"
5,46,1,"034 PICT0037.JPG"
5,47,0,"035 PICT0038.JPG"
5,47,1,"036 PICT0039.JPG"
5,48,0,"036 PICT0039.JPG"
5,48,1,"037 05-02-1123-14060-XV.jpg"
5,51,0,"037 05-02-1123-14060-XV.jpg"
5,51,1,"038 05-02-1123-14060-XV v.jpg"
5,52,0,"038 05-02-1123-14060-XV v.jpg"
5,52,1,"039 05-02-1123-14060-XVI.jpg"
5,53,0,"039 05-02-1123-14060-XVI.jpg"
5,54,0,"040 05-02-1123-14060-XVI v.jpg"
5,55,0,"040 05-02-1123-14060-XVI v.jpg"
5,57,0,"041 05-02-1123-14060-XVII.jpg"
5,61,0,"041 05-02-1123-14060-XVII.jpg"
5,61,1,"042 05-02-1123-14060-XVII v.jpg"
5,62,0,"042 05-02-1123-14060-XVII v.jpg"
5,62,1,"043 05-02-1123-14060-XVIII.jpg"
5,63,0,"043 05-02-1123-14060-XVIII.jpg"
5,63,1,"044 05-02-1123-14060-XVIII v.jpg"
5,64,0,"044 05-02-1123-14060-XVIII v.jpg"
5,64,1,"045 05-02-1123-14060-XIX.jpg"
5,65,0,"046 05-02-1123-14060-XIX v.jpg"
5,65,1,"047 05-02-1123-14060-XX.jpg"
5,66,0,"047 05-02-1123-14060-XX.jpg"
5,66,1,"048 05-02-1123-14060-XX v.jpg"
5,67,0,"048 05-02-1123-14060-XX v.jpg"
5,67,1,"049 05-02-1123-14060-XXI.jpg"
5,68,0,"049 05-02-1123-14060-XXI.jpg"
5,68,1,"050 05-02-1123-14060-XXI v.jpg"
5,69,0,"050 05-02-1123-14060-XXI v.jpg"
5,69,1,"051 05-02-1123-14060-XXII.jpg"
5,70,0,"051 05-02-1123-14060-XXII.jpg"
5,70,1,"052 05-02-1123-14060-XXII v.jpg"
5,70,2,"053 05-02-1123-14060-XXIII.jpg"
5,71,0,"053 05-02-1123-14060-XXIII.jpg"
5,71,1,"054 05-02-1123-14060-XXIII v.jpg"
5,72,0,"054 05-02-1123-14060-XXIII v.jpg"
5,72,1,"055 05-02-1123-14060-XXIV.jpg"
5,75,0,"055 05-02-1123-14060-XXIV.jpg"
5,75,1,"056 PICT0059.JPG"
5,76,0,"056 PICT0059.JPG"
5,76,1,"057 PICT0060.JPG"
5,77,0,"057 PICT0060.JPG"
5,77,1,"058 PICT0061.JPG"
5,77,2,"059 PICT0062.JPG"
5,78,0,"059 PICT0062.JPG"
5,78,1,"060 PICT0061.JPG"
5,79,0,"060 PICT0061.JPG"
5,79,1,"061 PICT0062.JPG"
5,80,0,"061 PICT0062.JPG"
5,80,1,"062 PICT0063.JPG"
5,81,0,"062 PICT0063.JPG"
5,81,1,"063 PICT0064.JPG"
5,82,0,"063 PICT0064.JPG"
5,82,1,"064 PICT0065.JPG"
5,83,0,"064 PICT0065.JPG"
5,83,1,"065 PICT0066.JPG"
5,84,0,"065 PICT0066.JPG"
5,84,1,"066 PICT0067.JPG"
5,85,0,"066 PICT0067.JPG"
5,85,1,"067 PICT0068.JPG"
5,86,0,"067 PICT0068.JPG"
5,86,1,"068 PICT0069.JPG"
5,88,0,"069 05-02-1123-14060-XXXI.jpg"
5,91,0,"069 05-02-1123-14060-XXXI.jpg"
5,92,0,"069 05-02-1123-14060-XXXI.jpg"
5,93,0,"069 05-02-1123-14060-XXXI.jpg"
5,93,1,"070 05-02-1123-14060-XXXI v.jpg"
5,94,0,"070 05-02-1123-14060-XXXI v.jpg"
5,95,0,"070 05-02-1123-14060-XXXI v.jpg"
5,95,1,"071 05-02-1123-14060-XXXII.jpg"
5,96,0,"071 05-02-1123-14060-XXXII.jpg"
5,96,1,"072 05-02-1123-14060-XXXII v.jpg"
5,97,0,"072 05-02-1123-14060-XXXII v.jpg"
5,97,1,"073 05-02-1123-14060-XXXIII.jpg"
5,97,2,"074 05-02-1123-14060-XXXIII v.jpg"
5,98,0,"074 05-02-1123-14060-XXXIII v.jpg"
5,98,1,"075 05-02-1123-14060-XXXIV.jpg"
5,99,0,"075 05-02-1123-14060-XXXIV.jpg"
5,99,1,"076 05-02-1123-14060-XXXIV v.jpg"
5,100,0,"076 05-02-1123-14060-XXXIV v.jpg"
5,101,0,"077 05-02-1123-14060-XXXV.jpg"
5,101,1,"078 05-02-1123-14060-XXXV v.jpg"
5,102,0,"078 05-02-1123-14060-XXXV v.jpg"
5,105,0,"078 05-02-1123-14060-XXXV v.jpg"
5,105,1,"079 06-02-1123-1460-XXXVI.jpg"
5,108,0,"079 06-02-1123-1460-XXXVI.jpg"
5,109,0,"079 06-02-1123-1460-XXXVI.jpg"
5,109,1,"080 06-02-1123-1460-XXXVI v.jpg"
5,110,0,"080 06-02-1123-1460-XXXVI v.jpg"
5,111,0,"080 06-02-1123-1460-XXXVI v.jpg"
5,112,0,"080 06-02-1123-1460-XXXVI v.jpg"
5,112,1,"081 06-02-1123-1460-XXXVII.jpg"
5,113,0,"081 06-02-1123-1460-XXXVII.jpg"
5,113,1,"082 06-02-1123-1460-XXXVII v.jpg"
5,113,2,"083 06-02-1123-1460-XXXVIII.jpg"
5,114,0,"083 06-02-1123-1460-XXXVIII.jpg"
5,114,1,"084 06-02-1123-1460-XXXVIII v.jpg"
5,115,0,"084 06-02-1123-1460-XXXVIII v.jpg"
5,116,0,"084 06-02-1123-1460-XXXVIII v.jpg"
5,116,1,"085 06-02-1123-1460-XXXIX.jpg"
5,116,2,"086 06-02-1123-1460-XXXIX v.jpg"
5,117,0,"086 06-02-1123-1460-XXXIX v.jpg"
5,118,0,"086 06-02-1123-1460-XXXIX v.jpg"
5,118,1,"087 06-02-1123-1460-XL.jpg"
5,119,0,"087 06-02-1123-1460-XL.jpg"
5,119,1,"088 06-02-1123-1460-XL v.jpg"
5,120,0,"088 06-02-1123-1460-XL v.jpg"
5,122,0,"088 06-02-1123-1460-XL v.jpg"
5,122,1,"089 PICT0092.JPG"
5,123,0,"089 PICT0092.JPG"
5,124,0,"089 PICT0092.JPG"
5,125,0,"089 PICT0092.JPG"
5,126,0,"089 PICT0092.JPG"
5,126,1,"090 PICT0093.JPG"
5,127,0,"090 PICT0093.JPG"
5,127,1,"091 PICT0094.JPG"
5,128,0,"091 PICT0094.JPG"
5,128,1,"092 PICT0095.JPG"
5,129,0,"092 PICT0095.JPG"
5,129,1,"093 PICT0096.JPG"
5,130,0,"093 PICT0096.JPG"
5,130,1,"094 PICT0097.JPG"
5,130,2,"095 PICT0100.JPG"
5,131,0,"095 PICT0100.JPG"
5,131,1,"096 PICT0099.JPG"
5,132,0,"096 PICT0099.JPG"
5,133,0,"096 PICT0099.JPG"
5,133,1,"097 PICT0100.JPG"
5,134,0,"097 PICT0100.JPG"
5,134,1,"098 PICT0101.JPG"
5,135,0,"098 PICT0101.JPG"
5,135,1,"099 PICT0102.JPG"
5,136,0,"099 PICT0102.JPG"
5,137,0,"099 PICT0102.JPG"
5,138,0,"099 PICT0102.JPG"
5,138,1,"100 PICT0103.JPG"
5,139,0,"100 PICT0103.JPG"
5,139,1,"101 PICT0104.JPG"
5,140,0,"101 PICT0104.JPG"
5,140,1,"102 PICT0105.JPG"
5,141,0,"102 PICT0105.JPG"
5,141,1,"103 PICT0106.JPG"
5,141,2,"104 PICT0107.JPG"
5,142,0,"104 PICT0107.JPG"
5,142,1,"105 PICT0108.JPG"
5,143,0,"105 PICT0108.JPG"
5,143,1,"106 PICT0109.JPG"
5,144,0,"106 PICT0109.JPG"
5,144,1,"107 PICT0110.JPG"
5,145,0,"107 PICT0110.JPG"
5,145,1,"108 PICT0111.JPG"
5,146,0,"108 PICT0111.JPG"
5,146,1,"109 PICT0116.JPG"
5,147,0,"109 PICT0116.JPG"
5,147,1,"110 PICT0117.JPG"
5,147,2,"111 PICT0118.JPG"
5,148,0,"111 PICT0118.JPG"
5,148,1,"112 PICT0119.JPG"
5,150,0,"113 PICT0120.JPG"
5,154,0,"113 PICT0120.JPG"
5,155,0,"113 PICT0120.JPG"
5,156,0,"113 PICT0120.JPG"
5,157,0,"113 PICT0120.JPG"
5,157,1,"114 PICT0121.JPG"
5,158,0,"114 PICT0121.JPG"
5,158,1,"115 PICT0122.JPG"
5,159,0,"115 PICT0122.JPG"
5,159,1,"116 PICT0123.JPG"
5,160,0,"116 PICT0123.JPG"
5,160,1,"117 PICT0124.JPG"
5,161,0,"117 PICT0124.JPG"
5,162,0,"117 PICT0124.JPG"
5,162,1,"118 PICT0125.JPG"
5,162,2,"119 PICT0126.JPG"
5,162,3,"120 PICT0127.JPG"
5,163,0,"120 PICT0127.JPG"
5,164,0,"120 PICT0127.JPG"
5,164,1,"121 PICT0128.JPG"
5,165,0,"121 PICT0128.JPG"
5,166,0,"121 PICT0128.JPG"
5,166,1,"122 PICT0129.JPG"
5,167,0,"122 PICT0129.JPG"
5,168,0,"122 PICT0129.JPG"
5,169,0,"122 PICT0129.JPG"
5,169,1,"123 PICT0130.JPG"
5,170,0,"123 PICT0130.JPG"
5,171,0,"123 PICT0130.JPG"
5,171,1,"124 PICT0131.JPG"
5,172,0,"124 PICT0131.JPG"
5,172,1,"125 PICT0132.JPG"
5,173,0,"125 PICT0132.JPG"
5,173,1,"126 PICT0129.JPG"
5,174,0,"126 PICT0129.JPG"
5,174,1,"127 PICT0130.JPG"
5,174,2,"128 PICT0131.JPG"
5,175,0,"128 PICT0131.JPG"
5,175,1,"129 PICT0132.JPG"
5,175,2,"130 PICT0133.JPG"
5,176,0,"130 PICT0133.JPG"
5,176,1,"131 PICT0134.JPG"
5,176,2,"132 PICT0135.JPG"
5,177,0,"132 PICT0135.JPG"
5,178,0,"132 PICT0135.JPG"
5,178,1,"133 PICT0136.JPG"
5,179,0,"133 PICT0136.JPG"
5,179,1,"134 PICT0137.JPG"
5,180,0,"134 PICT0137.JPG"
5,181,0,"134 PICT0137.JPG"
5,182,0,"134 PICT0137.JPG"
5,183,0,"134 PICT0137.JPG"
5,183,1,"135 PICT0138.JPG"
5,184,0,"135 PICT0138.JPG"
5,184,1,"136 PICT0139.JPG"
5,185,0,"136 PICT0139.JPG"
5,185,1,"137 PICT0140.JPG"
5,186,0,"137 PICT0140.JPG"
5,186,1,"138 PICT0141.JPG"
5,187,0,"138 PICT0141.JPG"
5,188,0,"138 PICT0141.JPG"
5,188,1,"139 PICT0146.JPG"
5,188,2,"140 PICT0143.JPG"
5,189,0,"140 PICT0143.JPG"
5,190,0,"140 PICT0143.JPG"
5,190,1,"141 PICT0144.JPG"
5,191,0,"141 PICT0144.JPG"
5,191,1,"142 PICT0145.JPG"
5,192,0,"142 PICT0145.JPG"
5,192,1,"143 PICT0146.JPG"
5,193,0,"143 PICT0146.JPG"
5,194,0,"143 PICT0146.JPG"
5,195,0,"143 PICT0146.JPG"
5,196,0,"143 PICT0146.JPG"
5,196,1,"144 PICT0147.JPG"
5,197,0,"144 PICT0147.JPG"
5,197,1,"145 PICT0148.JPG"
5,197,2,"146 PICT0153.JPG"
5,198,0,"146 PICT0153.JPG"
5,198,1,"147 PICT0154.JPG"
5,198,2,"148 PICT0155.JPG"
5,199,0,"148 PICT0155.JPG"
5,200,0,"148 PICT0155.JPG"
5,200,1,"149 PICT0156.JPG"
5,200,2,"149 PICT0156.JPG"
5,201,0,"151 PICT0158.JPG"
5,201,1,"151 PICT0158.JPG"
5,202,0,"151 PICT0158.JPG"
5,202,1,"152 PICT0159.JPG"
5,203,0,"152 PICT0159.JPG"
5,203,1,"153 PICT0160.JPG"
5,204,0,"153 PICT0160.JPG"
5,205,0,"153 PICT0160.JPG"
5,205,1,"154 PICT0161.JPG"
5,206,0,"154 PICT0161.JPG"
5,206,1,"155 PICT0162.JPG"
5,206,2,"156 PICT0163.JPG"
5,208,0,"157 06-02-1123-1460-LXXV.jpg"
5,212,0,"157 06-02-1123-1460-LXXV.jpg"
5,212,1,"158 06-02-1123-1460-LXXV v.jpg"
5,213,0,"158 06-02-1123-1460-LXXV v.jpg"
5,213,1,"159 06-02-1123-1460-LXXVI.jpg"
5,214,0,"159 06-02-1123-1460-LXXVI.jpg"
5,214,1,"160 06-02-1123-1460-LXXVI v.jpg"
5,214,2,"161 06-02-1123-1460-LXXVII.jpg"
5,215,0,"161 06-02-1123-1460-LXXVII.jpg"
5,215,1,"162 06-02-1123-1460-LXXVII v.jpg"
5,215,2,"163 06-02-1123-1460-LXXVIIB.jpg"
5,216,0,"163 06-02-1123-1460-LXXVIIB.jpg"
5,216,1,"164 06-02-1123-1460-LXXVIIB v.jpg"
5,217,0,"165 06-02-1123-1460-LXXVIII.jpg"
5,217,1,"166 06-02-1123-1460-LXXVIII v.jpg"
5,218,0,"166 06-02-1123-1460-LXXVIII v.jpg"
5,218,1,"167 06-02-1123-1460-LXXX.jpg"
5,219,0,"167 06-02-1123-1460-LXXX.jpg"
5,219,1,"168 06-02-1123-1460-LXXX v.jpg"
5,220,0,"169 06-02-1123-1460-LXXXI.jpg"
5,220,1,"170 06-02-1123-1460-LXXXI v.jpg"
5,220,2,"171 06-02-1123-1460-LXXXII.jpg"
5,223,0,"171 06-02-1123-1460-LXXXII.jpg"
5,223,1,"172 PICT0175.JPG"
5,223,2,"173 PICT0176.JPG"
5,224,0,"173 PICT0176.JPG"
5,224,1,"174 PICT0173.JPG"
5,225,0,"174 PICT0173.JPG"
5,225,1,"175 PICT0178.JPG"
5,226,0,"175 PICT0178.JPG"
5,226,1,"176 PICT0179.JPG"
5,229,0,"177 PICT0180.JPG"
5,229,1,"178 PICT0181.JPG"
5,229,2,"179 PICT0182.JPG"
5,229,3,"180 PICT0183.JPG"
5,231,0,"181 PICT0184.JPG"
5,235,0,"181 PICT0184.JPG"
5,236,0,"181 PICT0184.JPG"
5,236,1,"182 PICT0187.JPG"
5,237,0,"182 PICT0187.JPG"
5,238,0,"182 PICT0187.JPG"
5,239,0,"183 PICT0188.JPG"
5,240,0,"183 PICT0188.JPG"
5,243,0,"184 PICT0189.JPG"
5,243,1,"185 PICT0190.JPG"
5,244,0,"185 PICT0190.JPG"
5,244,1,"186 PICT0191.JPG"
5,245,0,"186 PICT0191.JPG"
5,245,1,"187 PICT0192.JPG"
5,246,0,"187 PICT0192.JPG"
5,246,1,"188 PICT0193.JPG"
5,247,0,"188 PICT0193.JPG"
5,247,1,"189 PICT0194.JPG"
5,250,0,"189 PICT0194.JPG"
5,250,1,"190 PICT0189.JPG"
5,251,0,"190 PICT0189.JPG"
5,251,1,"191 PICT0190.JPG"
5,251,2,"192 PICT0197.JPG"
5,252,0,"192 PICT0197.JPG"
5,252,1,"193 PICT0198.JPG"
5,253,0,"193 PICT0198.JPG"
5,255,0,"194 PICT0199.JPG"
6,1,0,"06-02-1123-9283-01 Portada.jpg"
6,1,1,"06-02-1123-9283-02.jpg"
6,2,0,"06-02-1123-9283-03.jpg"
6,3,0,"06-02-1123-9283-04.jpg"
6,4,0,"06-02-1123-9283-05.jpg"
6,4,1,"06-02-1123-9283-06.jpg"
6,4,2,"06-02-1123-9283-07.jpg"
6,5,0,"06-02-1123-9283-08.jpg"
6,5,1,"06-02-1123-9283-09.jpg"
6,6,0,"06-02-1123-9283-09.jpg"
6,6,1,"06-02-1123-9283-10.jpg"
6,7,0,"06-02-1123-9283-10.jpg"
6,7,1,"06-02-1123-9283-11.jpg"
6,8,0,"06-02-1123-9283-11.jpg"
6,8,1,"06-02-1123-9283-12.jpg"
6,9,0,"06-02-1123-9283-12.jpg"
6,9,1,"06-02-1123-9283-13.jpg"
6,10,0,"06-02-1123-9283-13.jpg"
6,11,0,"06-02-1123-9283-14.jpg"
6,11,1,"06-02-1123-9283-15.jpg"
6,12,0,"06-02-1123-9283-16.jpg"
6,12,1,"07-02-1123-9283-17.jpg"
6,12,2,"07-02-1123-9283-18.jpg"
6,13,0,"07-02-1123-9283-19.jpg"
6,13,1,"07-02-1123-9283-20.jpg"
6,17,0,"07-02-1123-9283-01 R.jpg"
6,18,0,"07-02-1123-9283-01 v.jpg"
6,19,0,"07-02-1123-9283-02 R.jpg"
6,20,0,"07-02-1123-9283-02 R.jpg"
6,20,1,"07-02-1123-9283-02 v.jpg"
6,21,0,"07-02-1123-9283-02 v.jpg"
6,21,1,"07-02-1123-9283-03 R.jpg"
6,22,0,"07-02-1123-9283-03 R.jpg"
6,22,1,"07-02-1123-9283-03 v.jpg"
6,23,0,"07-02-1123-9283-03 v.jpg"
6,24,0,"07-02-1123-9283-04 R.jpg"
6,25,0,"07-02-1123-9283-04 R.jpg"
6,25,1,"07-02-1123-9283-04 v.jpg"
6,25,2,"07-02-1123-9283-05 R.jpg"
6,26,0,"07-02-1123-9283-05 R.jpg"
6,29,0,"07-02-1123-9283-05 v.jpg"
6,29,1,"07-02-1123-9283-06 R.jpg"
6,31,0,"07-02-1123-9283-06 R.jpg"
6,31,1,"07-02-1123-9283-06 v.jpg"
6,34,0,"07-02-1123-9283-07 R.jpg"
6,34,1,"07-02-1123-9283-07 v.jpg"
6,36,0,"07-02-1123-9283-07 v.jpg"
6,36,1,"07-02-1123-9283-08 R.jpg"
6,36,2,"07-02-1123-9283-08 v.jpg"
6,39,0,"07-02-1123-9283-08 v.jpg"
6,39,1,"07-02-1123-9283-09 R.jpg"
6,41,0,"07-02-1123-9283-09 R.jpg"
6,41,1,"07-02-1123-9283-09 v.jpg"
6,44,0,"07-02-1123-9283-10 R.jpg"
6,44,1,"07-02-1123-9283-10 v.jpg"
6,46,0,"07-02-1123-9283-10 v.jpg"
6,46,1,"07-02-1123-9283-11 R.jpg"
6,49,0,"07-02-1123-9283-11 v.jpg"
6,49,1,"07-02-1123-9283-12 R.jpg"
6,51,0,"07-02-1123-9283-12 R.jpg"
6,51,1,"07-02-1123-9283-12 v.jpg"
6,54,0,"07-02-1123-9283-13 R.jpg"
6,56,0,"07-02-1123-9283-13 R.jpg"
6,56,1,"07-02-1123-9283-13 v.jpg"
6,58,0,"07-02-1123-9283-14 R.jpg"
6,62,0,"07-02-1123-9283-14 v.jpg"
6,62,1,"07-02-1123-9283-15 R.jpg"
6,62,2,"07-02-1123-9283-15 v.jpg"
6,63,0,"07-02-1123-9283-15 v.jpg"
6,63,1,"07-02-1123-9283-16 R.jpg"
6,63,2,"07-02-1123-9283-16 v.jpg"
6,63,3,"07-02-1123-9283-17 R.jpg"
6,65,0,"07-02-1123-9283-17 R.jpg"
6,65,1,"07-02-1123-9283-17 v.jpg"
6,65,2,"07-02-1123-9283-18 R.jpg"
6,65,3,"07-02-1123-9283-18 v.jpg"
6,68,0,"07-02-1123-9283-18 v.jpg"
6,68,1,"08-02-1123-9283-19 R.jpg"
6,68,2,"08-02-1123-9283-19 v.jpg"
6,68,3,"08-02-1123-9283-20 R.jpg"
6,69,0,"08-02-1123-9283-20 R.jpg"
6,69,1,"08-02-1123-9283-20 v.jpg"
6,69,2,"08-02-1123-9283-21 R.jpg"
6,69,3,"08-02-1123-9283-21 v.jpg"
6,71,0,"08-02-1123-9283-21 v.jpg"
6,71,1,"08-02-1123-9283-22 R.jpg"
6,71,2,"08-02-1123-9283-22 v.jpg"
6,71,3,"08-02-1123-9283-23 R.jpg"
6,74,0,"08-02-1123-9283-23 R.jpg"
6,74,1,"08-02-1123-9283-23 v.jpg"
6,75,0,"08-02-1123-9283-24 R.jpg"
6,75,1,"08-02-1123-9283-24 v.jpg"
6,77,0,"08-02-1123-9283-24 v.jpg"
6,77,1,"08-02-1123-9283-25 R.jpg"
6,80,0,"08-02-1123-9283-25 v.jpg"
6,80,1,"08-02-1123-9283-26 R.jpg"
6,80,2,"08-02-1123-9283-26 v.jpg"
6,82,0,"08-02-1123-9283-26 v.jpg"
6,82,1,"08-02-1123-9283-27 R.jpg"
6,82,2,"08-02-1123-9283-27 v.jpg"
6,85,0,"08-02-1123-9283-27 v.jpg"
6,85,1,"08-02-1123-9283-28 R.jpg"
6,85,2,"08-02-1123-9283-28 v.jpg"
6,85,3,"08-02-1123-9283-29 R.jpg"
6,87,0,"08-02-1123-9283-29 R.jpg"
6,87,1,"08-02-1123-9283-29 v.jpg"
6,87,2,"08-02-1123-9283-30 R.jpg"
6,87,3,"08-02-1123-9283-30 v.jpg"
6,90,0,"08-02-1123-9283-30 v.jpg"
6,90,1,"08-02-1123-9283-31 R.jpg"
6,90,2,"08-02-1123-9283-31 v.jpg"
6,92,0,"08-02-1123-9283-31 v.jpg"
6,92,1,"08-02-1123-9283-32 R.jpg"
6,92,2,"08-02-1123-9283-32 v.jpg"
6,95,0,"08-02-1123-9283-32 v.jpg"
6,95,1,"08-02-1123-9283-33 R.jpg"
6,95,2,"08-02-1123-9283-33 v.jpg"
6,96,0,"08-02-1123-9283-33 v.jpg"
6,96,2,"08-02-1123-9283-34 R.jpg"
6,98,0,"08-02-1123-9283-34 R.jpg"
6,98,1,"08-02-1123-9283-34 v.jpg"
6,98,2,"08-02-1123-9283-35 R.jpg"
6,101,0,"08-02-1123-9283-35 R.jpg"
6,101,1,"08-02-1123-9283-35 v.jpg"
6,101,2,"08-02-1123-9283-36 R.jpg"
6,103,0,"08-02-1123-9283-36 R.jpg"
6,103,1,"08-02-1123-9283-36 v.jpg"
6,103,2,"08-02-1123-9283-37 R.jpg"
6,106,0,"08-02-1123-9283-37 R.jpg"
6,106,1,"08-02-1123-9283-37 v.jpg"
6,106,2,"08-02-1123-9283-38 R.jpg"
6,106,3,"08-02-1123-9283-38 v.jpg"
6,106,4,"09-02-1123-9283-39 R.jpg"
6,108,0,"09-02-1123-9283-39 R.jpg"
6,108,1,"09-02-1123-9283-39 v.jpg"
6,108,2,"09-02-1123-9283-40 R.jpg"
6,108,3,"09-02-1123-9283-40 v.jpg"
6,111,0,"09-02-1123-9283-40 v.jpg"
6,111,1,"09-02-1123-9283-41 R.jpg"
6,111,2,"09-02-1123-9283-41 v.jpg"
6,113,0,"09-02-1123-9283-41 v.jpg"
6,113,1,"09-02-1123-9283-42 R.jpg"
6,116,0,"09-02-1123-9283-42 R.jpg"
6,116,1,"09-02-1123-9283-42 v.jpg"
6,116,2,"09-02-1123-9283-43 R.jpg"
6,116,3,"09-02-1123-9283-43 v.jpg"
6,116,4,"09-02-1123-9283-44 R.jpg"
6,118,0,"09-02-1123-9283-44 R.jpg"
6,118,1,"09-02-1123-9283-44 v.jpg"
6,121,0,"09-02-1123-9283-45 R.jpg"
6,121,1,"09-02-1123-9283-45 v.jpg"
6,121,2,"09-02-1123-9283-46 R.jpg"
6,121,3,"09-02-1123-9283-46 v.jpg"
6,123,0,"09-02-1123-9283-46 v.jpg"
6,123,1,"09-02-1123-9283-47 R.jpg"
6,126,0,"09-02-1123-9283-47 v.jpg"
6,126,1,"09-02-1123-9283-48 R.jpg"
6,127,0,"09-02-1123-9283-48 v.jpg"
6,127,1,"09-02-1123-9283-49 R.jpg"
6,129,0,"09-02-1123-9283-49 v.jpg"
6,129,1,"09-02-1123-9283-50 R.jpg"
6,132,0,"09-02-1123-9283-50 R.jpg"
6,132,1,"09-02-1123-9283-50 v.jpg"
6,132,2,"09-02-1123-9283-51 R.jpg"
6,132,3,"09-02-1123-9283-51 v.jpg"
6,134,0,"09-02-1123-9283-51 v.jpg"
6,134,1,"09-02-1123-9283-52 R.jpg"
6,134,2,"09-02-1123-9283-52 v.jpg"
6,137,0,"09-02-1123-9283-52 v.jpg"
6,137,1,"09-02-1123-9283-53 R.jpg"
6,137,2,"09-02-1123-9283-53 v.jpg"
6,139,0,"09-02-1123-9283-54 R.jpg"
6,139,1,"09-02-1123-9283-54 v.jpg"
6,139,2,"09-02-1123-9283-55 R.jpg"
6,142,0,"09-02-1123-9283-55 R.jpg"
6,142,1,"09-02-1123-9283-55 v.jpg"
6,144,0,"09-02-1123-9283-55 v.jpg"
6,144,1,"09-02-1123-9283-56 R.jpg"
6,144,2,"09-02-1123-9283-56 v.jpg"
6,147,0,"09-02-1123-9283-57 R.jpg"
6,147,1,"09-02-1123-9283-57 v.jpg"
6,147,2,"09-02-1123-9283-58 R.jpg"
6,149,0,"09-02-1123-9283-58 R.jpg"
6,149,1,"09-02-1123-9283-58 v.jpg"
6,151,0,"10-02-1123-9283-59 R.jpg"
6,155,0,"10-02-1123-9283-59 v.jpg"
6,155,1,"10-02-1123-9283-60 R.jpg"
6,155,2,"10-02-1123-9283-60 v.jpg"
6,155,3,"10-02-1123-9283-61 R.jpg"
6,156,0,"10-02-1123-9283-61 v.jpg"
6,156,1,"10-02-1123-9283-62 R.jpg"
6,156,2,"10-02-1123-9283-62 v.jpg"
6,156,3,"10-02-1123-9283-63 R.jpg"
6,157,0,"10-02-1123-9283-63 R.jpg"
6,157,1,"10-02-1123-9283-63 v.jpg"
6,157,2,"10-02-1123-9283-64 R.jpg"
6,158,0,"10-02-1123-9283-64 R.jpg"
6,158,1,"10-02-1123-9283-64 v.jpg"
6,158,2,"10-02-1123-9283-65 R.jpg"
6,158,3,"10-02-1123-9283-65 v.jpg"
6,159,0,"10-02-1123-9283-65 v.jpg"
6,159,1,"10-02-1123-9283-66 R.jpg"
6,159,2,"10-02-1123-9283-66 v.jpg"
6,162,0,"10-02-1123-9283-67 R.jpg"
6,162,1,"10-02-1123-9283-67 v.jpg"
6,162,2,"10-02-1123-9283-68 R.jpg"
6,162,3,"10-02-1123-9283-68 v.jpg"
6,163,0,"10-02-1123-9283-68 v.jpg"
6,163,1,"10-02-1123-9283-69 R.jpg"
6,163,2,"10-02-1123-9283-69 v.jpg"
6,166,0,"10-02-1123-9283-70 R.jpg"
6,166,1,"10-02-1123-9283-70 v.jpg"
6,166,2,"10-02-1123-9283-71 R.jpg"
6,167,0,"10-02-1123-9283-71 R.jpg"
6,167,1,"10-02-1123-9283-71 v.jpg"
6,167,2,"10-02-1123-9283-72 R.jpg"
6,168,0,"10-02-1123-9283-72 R.jpg"
6,168,1,"10-02-1123-9283-72 v.jpg"
6,168,2,"10-02-1123-9283-73 R.jpg"
6,171,0,"10-02-1123-9283-73 v.jpg"
6,171,1,"10-02-1123-9283-74 R.jpg"
6,171,2,"10-02-1123-9283-74 v.jpg"
6,171,3,"10-02-1123-9283-75 R.jpg"
6,171,4,"10-02-1123-9283-75 v.jpg"
6,172,0,"10-02-1123-9283-76 R.jpg"
6,172,1,"10-02-1123-9283-76 v.jpg"
6,172,2,"10-02-1123-9283-77 R.jpg"
6,175,0,"10-02-1123-9283-77 R.jpg"
6,175,1,"10-02-1123-9283-77 v.jpg"
6,175,2,"10-02-1123-9283-78 R.jpg"
6,175,3,"10-02-1123-9283-78 v.jpg"
6,175,4,"11-02-1123-9283-79 R.jpg"
6,175,5,"11-02-1123-9283-79 v.jpg"
6,175,6,"11-02-1123-9283-80 R.jpg"
6,175,7,"11-02-1123-9283-80 v.jpg"
6,175,8,"11-02-1123-9283-81 R.jpg"
6,178,0,"11-02-1123-9283-81 v.jpg"
6,178,1,"11-02-1123-9283-82 R.jpg"
6,178,2,"11-02-1123-9283-82 v.jpg"
6,179,0,"11-02-1123-9283-82 v.jpg"
6,179,1,"11-02-1123-9283-83 R.jpg"
6,179,2,"11-02-1123-9283-83 v.jpg"
6,180,0,"11-02-1123-9283-83 v.jpg"
6,180,1,"11-02-1123-9283-84 R.jpg"
6,180,2,"11-02-1123-9283-84 v.jpg"
6,183,0,"11-02-1123-9283-85 R.jpg"
6,183,1,"11-02-1123-9283-85 v.jpg"
6,183,2,"11-02-1123-9283-86 R.jpg"
6,183,3,"11-02-1123-9283-86 v.jpg"
6,186,0,"11-02-1123-9283-86 v.jpg"
6,186,1,"11-02-1123-9283-87 R.jpg"
6,186,2,"11-02-1123-9283-87 v.jpg"
6,186,3,"11-02-1123-9283-88 R.jpg"
6,189,0,"11-02-1123-9283-88 R.jpg"
6,189,1,"11-02-1123-9283-88 v.jpg"
6,189,2,"11-02-1123-9283-89 R.jpg"
6,191,0,"11-02-1123-9283-89 v.jpg"
6,196,0,"11-02-1123-9283-90 R.jpg"
6,196,1,"11-02-1123-9283-90 v.jpg"
6,197,0,"11-02-1123-9283-91 R.jpg"
6,197,1,"11-02-1123-9283-91 v.jpg"
6,198,0,"11-02-1123-9283-91 v.jpg"
6,198,1,"11-02-1123-9283-92 R.jpg"
6,199,0,"11-02-1123-9283-92 R.jpg"
6,199,1,"11-02-1123-9283-92 v.jpg"
6,200,0,"11-02-1123-9283-92 v.jpg"
6,201,0,"11-02-1123-9283-93 R.jpg"
6,202,0,"11-02-1123-9283-93 R.jpg"
6,202,1,"11-02-1123-9283-93 v.jpg"
6,203,0,"11-02-1123-9283-93 v.jpg"
6,203,1,"11-02-1123-9283-94 R.jpg"
6,204,0,"11-02-1123-9283-94 R.jpg"
6,204,1,"11-02-1123-9283-94 v.jpg"
6,205,0,"11-02-1123-9283-94 v.jpg"
6,205,1,"11-02-1123-9283-95 R.jpg"
6,205,2,"11-02-1123-9283-95 v.jpg"
6,206,0,"11-02-1123-9283-95 v.jpg"
6,206,1,"11-02-1123-9283-96 R.jpg"
6,207,0,"11-02-1123-9283-96 R.jpg"
6,207,1,"11-02-1123-9283-96 v.jpg"
6,210,0,"11-02-1123-9283-96 v.jpg"
6,210,1,"11-02-1123-9283-97 R.jpg"
6,210,2,"11-02-1123-9283-97 v.jpg"
6,210,3,"11-02-1123-9283-98 R.jpg"
6,213,0,"11-02-1123-9283-98 v.jpg"
6,213,1,"12-02-1123-9283-099 R.jpg"
6,214,0,"12-02-1123-9283-099 R.jpg"
6,214,1,"12-02-1123-9283-099 v.jpg"
6,215,0,"12-02-1123-9283-099 v.jpg"
6,215,1,"12-02-1123-9283-100 R.jpg"
6,215,2,"12-02-1123-9283-100 v.jpg"
6,216,0,"12-02-1123-9283-100 v.jpg"
6,216,1,"12-02-1123-9283-101 R.jpg"
6,216,2,"12-02-1123-9283-101 v.jpg"
6,217,0,"12-02-1123-9283-101 v.jpg"
6,217,1,"12-02-1123-9283-102 R.jpg"
6,218,0,"12-02-1123-9283-102 R.jpg"
6,218,1,"12-02-1123-9283-102 v.jpg"
6,219,0,"12-02-1123-9283-102 v.jpg"
6,219,1,"12-02-1123-9283-103 R.jpg"
6,220,0,"12-02-1123-9283-103 R.jpg"
6,220,1,"12-02-1123-9283-103 v.jpg"
6,221,0,"12-02-1123-9283-103 v.jpg"
6,221,1,"12-02-1123-9283-104 R.jpg"
6,222,0,"12-02-1123-9283-104 v.jpg"
6,222,1,"12-02-1123-9283-105 R.jpg"
6,223,0,"12-02-1123-9283-105 R.jpg"
6,223,1,"12-02-1123-9283-105 v.jpg"
6,224,0,"12-02-1123-9283-106 R.jpg"
6,224,1,"12-02-1123-9283-106 v.jpg"
6,225,0,"12-02-1123-9283-106 v.jpg"
6,225,1,"12-02-1123-9283-107 R.jpg"
6,228,0,"12-02-1123-9283-107 v.jpg"
6,228,1,"12-02-1123-9283-108 R.jpg"
6,229,0,"12-02-1123-9283-108 R.jpg"
6,229,1,"12-02-1123-9283-108 v.jpg"
6,230,0,"12-02-1123-9283-108 v.jpg"
6,230,1,"12-02-1123-9283-109 R.jpg"
6,231,0,"12-02-1123-9283-109 R.jpg"
6,232,0,"12-02-1123-9283-109 R.jpg"
6,232,1,"12-02-1123-9283-109 v.jpg"
6,233,0,"12-02-1123-9283-109 v.jpg"
6,234,0,"12-02-1123-9283-109 v.jpg"
6,234,1,"12-02-1123-9283-110 R.jpg"
6,235,0,"12-02-1123-9283-110 R.jpg"
6,235,1,"12-02-1123-9283-110 v.jpg"
6,236,0,"12-02-1123-9283-110 v.jpg"
6,236,1,"12-02-1123-9283-111 R.jpg"
6,237,0,"12-02-1123-9283-111 R.jpg"
6,238,0,"12-02-1123-9283-111 R.jpg"
6,240,0,"12-02-1123-9283-111 v.jpg"
6,244,0,"12-02-1123-9283-112 R.jpg"
6,245,0,"12-02-1123-9283-112 R.jpg"
6,245,1,"12-02-1123-9283-112 v.jpg"
6,245,2,"12-02-1123-9283-113 R.jpg"
6,246,0,"12-02-1123-9283-113 R.jpg"
6,246,1,"12-02-1123-9283-113 v.jpg"
6,246,2,"12-02-1123-9283-114 R.jpg"
6,247,0,"12-02-1123-9283-114 R.jpg"
6,247,1,"12-02-1123-9283-114 v.jpg"
6,250,0,"12-02-1123-9283-114 v.jpg"
6,250,1,"12-02-1123-9283-115 R.jpg"
6,250,2,"12-02-1123-9283-115 v.jpg"
6,250,3,"12-02-1123-9283-116 R.jpg"
6,253,0,"12-02-1123-9283-116 R.jpg"
6,253,1,"12-02-1123-9283-116 v.jpg"
6,254,0,"12-02-1123-9283-116 v.jpg"
6,254,1,"12-02-1123-9283-117 R.jpg"
6,254,2,"12-02-1123-9283-117 v.jpg"
6,255,0,"12-02-1123-9283-117 v.jpg"
6,255,1,"12-02-1123-9283-118 R.jpg"
6,256,0,"12-02-1123-9283-118 R.jpg"
6,256,1,"12-02-1123-9283-118 v.jpg"
6,259,0,"12-02-1123-9283-118 v.jpg"
6,259,1,"13-02-1123-9283-119 R.jpg"
6,262,0,"13-02-1123-9283-119 R.jpg"
6,262,1,"13-02-1123-9283-119 v.jpg"
6,263,0,"13-02-1123-9283-119 v.jpg"
6,263,1,"13-02-1123-9283-120 R.jpg"
6,263,2,"13-02-1123-9283-120 v.jpg"
6,264,0,"13-02-1123-9283-120 v.jpg"
6,264,1,"13-02-1123-9283-121 R.jpg"
6,265,0,"13-02-1123-9283-121 R.jpg"
6,265,1,"13-02-1123-9283-121 v.jpg"
6,266,0,"13-02-1123-9283-121 v.jpg"
6,267,0,"13-02-1123-9283-122 R.jpg"
6,267,1,"13-02-1123-9283-122 v.jpg"
6,268,0,"13-02-1123-9283-122 v.jpg"
6,268,1,"13-02-1123-9283-123 R.jpg"
6,268,2,"13-02-1123-9283-123 v.jpg"
6,269,0,"13-02-1123-9283-123 v.jpg"
6,269,1,"13-02-1123-9283-124 R.jpg"
6,269,2,"13-02-1123-9283-124 v.jpg"
6,270,0,"13-02-1123-9283-124 v.jpg"
6,270,1,"13-02-1123-9283-125 R.jpg"
6,270,2,"13-02-1123-9283-125 v.jpg"
6,271,0,"13-02-1123-9283-125 v.jpg"
6,271,1,"13-02-1123-9283-126 R.jpg"
6,272,0,"13-02-1123-9283-126 R.jpg"
6,272,1,"13-02-1123-9283-126 v.jpg"
6,272,2,"13-02-1123-9283-127 R.jpg"
6,273,0,"13-02-1123-9283-127 R.jpg"
6,273,1,"13-02-1123-9283-127 v.jpg"
6,273,2,"13-02-1123-9283-128 R.jpg"
6,274,0,"13-02-1123-9283-128 R.jpg"
6,274,1,"13-02-1123-9283-128 v.jpg"
6,275,0,"13-02-1123-9283-128 v.jpg"
6,275,1,"13-02-1123-9283-129 R.jpg"
6,275,2,"13-02-1123-9283-129 v.jpg"
6,276,0,"13-02-1123-9283-129 v.jpg"
6,276,1,"13-02-1123-9283-130 R.jpg"
6,277,0,"13-02-1123-9283-130 R.jpg"
6,277,1,"13-02-1123-9283-130 v.jpg"
6,277,2,"13-02-1123-9283-131 R.jpg"
6,278,0,"13-02-1123-9283-131 R.jpg"
6,279,0,"13-02-1123-9283-131 R.jpg"
6,279,1,"13-02-1123-9283-131 v.jpg"
6,280,0,"13-02-1123-9283-131 v.jpg"
6,281,0,"13-02-1123-9283-132 R.jpg"
6,281,1,"13-02-1123-9283-132 v.jpg"
6,281,2,"13-02-1123-9283-133 R.jpg"
6,282,0,"13-02-1123-9283-133 R.jpg"
6,282,1,"13-02-1123-9283-133 v.jpg"
6,283,0,"13-02-1123-9283-133 v.jpg"
6,283,1,"13-02-1123-9283-134 R.jpg"
6,284,0,"13-02-1123-9283-134 R.jpg"
6,284,1,"13-02-1123-9283-134 v.jpg"
6,285,0,"13-02-1123-9283-134 v.jpg"
6,285,1,"13-02-1123-9283-135 R.jpg"
6,286,0,"13-02-1123-9283-135 v.jpg"
6,286,1,"13-02-1123-9283-136 R.jpg"
6,287,0,"13-02-1123-9283-136 R.jpg"
6,287,1,"13-02-1123-9283-136 v.jpg"
6,288,0,"13-02-1123-9283-137 R.jpg"
6,288,1,"13-02-1123-9283-137 v.jpg"
6,289,0,"13-02-1123-9283-138 R.jpg"
6,290,0,"13-02-1123-9283-138 v.jpg"
6,290,1,"14-02-1123-9283-139 R.jpg"
6,290,2,"14-02-1123-9283-139 v.jpg"
6,291,0,"14-02-1123-9283-139 v.jpg"
6,291,1,"14-02-1123-9283-140 R.jpg"
6,292,0,"14-02-1123-9283-140 R.jpg"
6,292,1,"14-02-1123-9283-140 v.jpg"
6,292,2,"14-02-1123-9283-141 R.jpg"
6,293,0,"14-02-1123-9283-141 v.jpg"
6,293,1,"14-02-1123-9283-142 R.jpg"
6,294,0,"14-02-1123-9283-142 R.jpg"
6,294,1,"14-02-1123-9283-142 v.jpg"
6,294,2,"14-02-1123-9283-143 R.jpg"
6,295,0,"14-02-1123-9283-143 R.jpg"
6,295,1,"14-02-1123-9283-143 v.jpg"
6,295,2,"14-02-1123-9283-144 R.jpg"
6,296,0,"14-02-1123-9283-144 R.jpg"
6,296,1,"14-02-1123-9283-144 v.jpg"
6,296,2,"14-02-1123-9283-145 R.jpg"
6,297,0,"14-02-1123-9283-145 R.jpg"
6,298,0,"14-02-1123-9283-145 R.jpg"
6,300,0,"14-02-1123-9283-145 v.jpg"
6,304,0,"14-02-1123-9283-146 R.jpg"
6,305,0,"14-02-1123-9283-146 v.jpg"
6,306,0,"14-02-1123-9283-146 v.jpg"
6,307,0,"14-02-1123-9283-147 R.jpg"
6,308,0,"14-02-1123-9283-147 v.jpg"
6,309,0,"14-02-1123-9283-147 v.jpg"
6,310,0,"14-02-1123-9283-148 R.jpg"
6,311,0,"14-02-1123-9283-148 R.jpg"
6,312,0,"14-02-1123-9283-148 v.jpg"
6,313,0,"14-02-1123-9283-149 R.jpg"
6,314,0,"14-02-1123-9283-149 R.jpg"
6,315,0,"14-02-1123-9283-149 v.jpg"
6,316,0,"14-02-1123-9283-150 R.jpg"
6,317,0,"14-02-1123-9283-150 v.jpg"
6,318,0,"14-02-1123-9283-151 R.jpg"
6,319,0,"14-02-1123-9283-151 v.jpg"
6,319,1,"14-02-1123-9283-152 R.jpg"
6,320,0,"14-02-1123-9283-152 v.jpg"
6,321,0,"14-02-1123-9283-153 R.jpg"
6,322,0,"14-02-1123-9283-153 R.jpg"
6,323,0,"14-02-1123-9283-153 R.jpg"
6,323,1,"14-02-1123-9283-153 v.jpg"
6,324,0,"14-02-1123-9283-154 R.jpg"
6,325,0,"14-02-1123-9283-154 v.jpg"
6,326,0,"14-02-1123-9283-155 R.jpg"
6,327,0,"14-02-1123-9283-155 v.jpg"
6,328,0,"14-02-1123-9283-156 R.jpg"
6,329,0,"14-02-1123-9283-156 v.jpg"
6,330,0,"14-02-1123-9283-156 v.jpg"
6,330,1,"14-02-1123-9283-157 R.jpg"
6,330,2,"14-02-1123-9283-157 v.jpg"
6,331,0,"14-02-1123-9283-158 R.jpg"
6,334,0,"14-02-1123-9283-158 R.jpg"
6,334,1,"14-02-1123-9283-158 v.jpg"
6,335,0,"14-02-1123-9283-158 v.jpg"
6,335,1,"15-02-1123-9283-159 R.jpg"
6,336,0,"15-02-1123-9283-159 R.jpg"
6,336,1,"15-02-1123-9283-159 v.jpg"
6,338,0,"15-02-1123-9283-159 v.jpg"
6,338,1,"15-02-1123-9283-160 R.jpg"
6,339,0,"15-02-1123-9283-160 R.jpg"
6,339,1,"15-02-1123-9283-160 v.jpg"
6,340,0,"15-02-1123-9283-160 v.jpg"
6,340,1,"15-02-1123-9283-161 R.jpg"
6,341,0,"15-02-1123-9283-161 R.jpg"
6,341,1,"15-02-1123-9283-161 v.jpg"
6,342,0,"15-02-1123-9283-161 v.jpg"
6,342,1,"15-02-1123-9283-162 R.jpg"
6,343,0,"15-02-1123-9283-162 R.jpg"
6,343,1,"15-02-1123-9283-162 v.jpg"
6,348,0,"15-02-1123-9283-162 v.jpg"
6,351,0,"15-02-1123-9283-162 v.jpg"
6,351,1,"15-02-1123-9283-163 R.jpg"
6,352,0,"15-02-1123-9283-163 v.jpg"
6,355,0,"15-02-1123-9283-163 v.jpg"
6,355,1,"15-02-1123-9283-164 R.jpg"
6,356,0,"15-02-1123-9283-164 v.jpg"
6,357,0,"15-02-1123-9283-164 v.jpg"
6,357,1,"15-02-1123-9283-165 R.jpg"
6,358,0,"15-02-1123-9283-165 R.jpg"
6,359,0,"15-02-1123-9283-165 R.jpg"
6,359,1,"15-02-1123-9283-165 v.jpg"
6,360,0,"15-02-1123-9283-165 v.jpg"
6,360,1,"15-02-1123-9283-166 R.jpg"
6,364,0,"15-02-1123-9283-166 R.jpg"
6,364,1,"15-02-1123-9283-166 v.jpg"
6,364,2,"15-02-1123-9283-167 R.jpg"
6,365,0,"15-02-1123-9283-167 R.jpg"
6,365,1,"15-02-1123-9283-167 v.jpg"
6,368,0,"15-02-1123-9283-168 R.jpg"
6,371,0,"15-02-1123-9283-168 v.jpg"
6,371,1,"15-02-1123-9283-169 R.jpg"
6,372,0,"15-02-1123-9283-169 R.jpg"
6,372,1,"15-02-1123-9283-169 v.jpg"
6,375,0,"15-02-1123-9283-169 v.jpg"
6,375,1,"15-02-1123-9283-170 R.jpg"
6,376,0,"15-02-1123-9283-170 v.jpg"
6,377,0,"15-02-1123-9283-170 v.jpg"
6,377,1,"15-02-1123-9283-171 R.jpg"
6,378,0,"15-02-1123-9283-171 R.jpg"
6,379,0,"15-02-1123-9283-171 R.jpg"
6,379,1,"15-02-1123-9283-171 v.jpg"
6,380,0,"15-02-1123-9283-171 v.jpg"
6,380,1,"15-02-1123-9283-172 R.jpg"
6,381,0,"15-02-1123-9283-172 R.jpg"
6,382,0,"15-02-1123-9283-172 v.jpg"
6,383,0,"15-02-1123-9283-172 v.jpg"
6,383,1,"15-02-1123-9283-173 R.jpg"
6,386,0,"15-02-1123-9283-173 R.jpg"
6,386,1,"15-02-1123-9283-173 v.jpg"
6,386,2,"15-02-1123-9283-174 R.jpg"
6,386,3,"15-02-1123-9283-174 v.jpg"
6,388,0,"colofon.jpg"
7,1,0,"000 PICT0004b.JPG"
7,2,0,"001 PICT0005.JPG"
7,3,0,"002 PICT0005b.JPG"
7,4,0,"003 PICT0006.JPG"
7,5,0,"004 PICT0006b.JPG"
7,5,1,"005 PICT0007.JPG"
7,6,0,"006 PICT0007b.JPG"
7,6,1,"007 PICT0008.JPG"
7,8,0,"008 PICT0008b.JPG"
7,11,0,"008 PICT0008b.JPG"
7,11,1,"009 PICT0009.JPG"
7,11,2,"010 PICT0009b.JPG"
7,11,3,"011 PICT0011.JPG"
7,12,0,"011 PICT0011.JPG"
7,12,1,"012 PICT0011b.JPG"
7,12,2,"013 PICT0012.JPG"
7,12,3,"014 PICT0012b.JPG"
7,13,0,"014 PICT0012b.JPG"
7,13,1,"015 PICT0026.JPG"
7,13,2,"016 PICT0027.JPG"
7,13,3,"017 PICT0014b.JPG"
7,13,4,"018 PICT0015.JPG"
7,14,0,"018 PICT0015.JPG"
7,14,1,"019 PICT0017.JPG"
7,14,2,"020 PICT0017b.JPG"
7,15,0,"020 PICT0017b.JPG"
7,15,1,"021 PICT0018.JPG"
7,15,2,"022 PICT0018b.JPG"
7,15,3,"023 PICT0019.JPG"
7,16,0,"024 PICT0019b.JPG"
7,16,1,"025 PICT0020.JPG"
7,16,2,"028 PICT0020b.JPG"
7,17,0,"028 PICT0020b.JPG"
7,17,1,"029 PICT0021.JPG"
7,17,2,"030 PICT0039.JPG"
7,18,0,"030 PICT0039.JPG"
7,18,1,"031 PICT0040.JPG"
7,18,2,"032 PICT0041.JPG"
7,18,3,"033 PICT0042.JPG"
7,19,0,"033 PICT0042.JPG"
7,19,1,"034 PICT0043.JPG"
7,19,2,"035 PICT0044.JPG"
7,19,3,"036 PICT0045.JPG"
7,20,0,"036 PICT0045.JPG"
7,20,1,"037 PICT0046.JPG"
7,20,2,"038 PICT0025b.JPG"
7,21,0,"039 PICT0026.JPG"
7,21,1,"040 PICT0026b.JPG"
7,21,2,"041 PICT0027.JPG"
7,22,0,"041 PICT0027.JPG"
7,22,1,"042 PICT0027b.JPG"
7,22,2,"043 PICT0028.JPG"
7,22,3,"044 PICT0028b.JPG"
7,23,0,"045 PICT0029.JPG"
7,23,1,"046 PICT0029b.JPG"
7,23,2,"047 PICT0030.JPG"
7,24,0,"048 PICT0030b.JPG"
7,24,1,"049 PICT0031.JPG"
7,24,2,"050 PICT0031b.JPG"
7,24,3,"051 PICT0060.JPG"
7,25,0,"051 PICT0060.JPG"
7,25,1,"052 PICT0061.JPG"
7,25,2,"053 PICT0062.JPG"
7,25,3,"054 PICT0033b.JPG"
7,26,0,"055 PICT0034.JPG"
7,26,1,"056 PICT0034b.JPG"
7,26,2,"057 PICT0035.JPG"
7,27,0,"057 PICT0035.JPG"
7,27,1,"058 PICT0035b.JPG"
7,27,2,"059 PICT0036.JPG"
7,27,3,"060 PICT0036b.JPG"
7,28,0,"060 PICT0036b.JPG"
7,28,1,"061 PICT0037.JPG"
7,28,2,"062 PICT0037b.JPG"
7,29,0,"062 PICT0037b.JPG"
7,29,1,"063 PICT0038.JPG"
7,29,2,"064 PICT0038b.JPG"
7,29,3,"065 PICT0039.JPG"
7,29,4,"066 PICT0039b.JPG"
7,29,5,"067 PICT0040.JPG"
7,30,0,"067 PICT0040.JPG"
7,30,1,"068 PICT0040b.JPG"
7,30,2,"069 PICT0041.JPG"
7,30,3,"070 PICT0041b.JPG"
7,31,0,"070 PICT0041b.JPG"
7,31,1,"071 PICT0042.JPG"
7,31,2,"072 PICT0042b.JPG"
7,31,3,"073 PICT0043.JPG"
7,31,4,"074 PICT0043b.JPG"
7,32,0,"074 PICT0043b.JPG"
7,32,1,"075 PICT0044.JPG"
7,32,2,"076 PICT0044b.JPG"
7,32,3,"077 PICT0045.JPG"
7,34,0,"078 PICT0087.JPG"
7,37,0,"079 PICT0046.JPG"
7,37,1,"080 PICT0046b.JPG"
7,37,2,"081 PICT0047.JPG"
7,37,3,"082 PICT0047b.JPG"
7,37,4,"083 PICT0048.JPG"
7,37,5,"084 PICT0048b.JPG"
7,38,0,"084 PICT0048b.JPG"
7,38,1,"085 PICT0049.JPG"
7,38,2,"086 PICT0049b.JPG"
7,38,3,"087 PICT0050.JPG"
7,38,4,"088 PICT0050b.JPG"
7,38,5,"089 PICT0051.JPG"
7,39,0,"089 PICT0051.JPG"
7,39,1,"090 PICT0051b.JPG"
7,39,2,"091 PICT0052.JPG"
7,39,3,"092 PICT0052b.JPG"
7,39,4,"093 PICT0053.JPG"
7,40,0,"094 PICT0053b.JPG"
7,40,1,"095 PICT0054.JPG"
7,40,2,"096 PICT0054b.JPG"
7,40,3,"097 PICT0055.JPG"
7,40,4,"098 PICT0055b.JPG"
7,40,5,"099 PICT0056.JPG"
7,41,0,"099 PICT0056.JPG"
7,41,1,"100 PICT0056b.JPG"
7,41,2,"101 PICT0057.JPG"
7,41,3,"102 PICT0057b.JPG"
7,42,0,"102 PICT0057b.JPG"
7,42,1,"103 PICT0058.JPG"
7,42,2,"104 PICT0058b.JPG"
7,42,3,"105 PICT0059.JPG"
7,42,4,"106 PICT0059b.JPG"
7,43,0,"106 PICT0059b.JPG"
7,43,1,"107 PICT0060.JPG"
7,43,2,"108 PICT0060b.JPG"
7,43,3,"109 PICT0061.JPG"
7,43,4,"110 PICT0061b.JPG"
7,43,5,"111 PICT0062.JPG"
7,43,6,"112 PICT0062b.JPG"
7,44,0,"112 PICT0062b.JPG"
7,44,1,"113 PICT0063.JPG"
7,44,2,"114 PICT0063b.JPG"
7,44,3,"115 PICT0064.JPG"
7,44,4,"116 PICT0064b.JPG"
7,45,0,"117 PICT0065.JPG"
7,45,1,"118 PICT0065b.JPG"
7,45,2,"119 PICT0066.JPG"
7,45,3,"120 PICT0131.JPG"
7,45,4,"121 PICT0132.JPG"
7,45,5,"122 PICT0133.JPG"
7,46,0,"122 PICT0133.JPG"
7,46,1,"123 PICT0134.JPG"
7,46,2,"124 PICT0135.JPG"
7,46,3,"125 PICT0136.JPG"
7,46,4,"126 PICT0137.JPG"
7,46,5,"127 PICT0138.JPG"
7,47,0,"127 PICT0138.JPG"
7,47,1,"128 PICT0139.JPG"
7,47,2,"129 PICT0140.JPG"
7,47,3,"130 PICT0141.JPG"
7,47,4,"131 PICT0142.JPG"
7,47,5,"132 PICT0143.JPG"
7,48,0,"132 PICT0143.JPG"
7,48,1,"133 PICT0144.JPG"
7,48,2,"134 PICT0145.JPG"
7,48,3,"135 PICT0146.JPG"
7,48,4,"136 PICT0147.JPG"
7,49,0,"137 PICT0148.JPG"
7,49,1,"138 PICT0149.JPG"
7,49,2,"139 PICT0150.JPG"
7,49,3,"140 PICT0151.JPG"
7,49,4,"141 PICT0152.JPG"
7,50,0,"142 PICT0153.JPG"
7,50,1,"143 PICT0154.JPG"
7,50,2,"144 PICT0155.JPG"
7,50,3,"145 PICT0156.JPG"
7,50,4,"146 PICT0157.JPG"
7,51,0,"146 PICT0157.JPG"
7,51,1,"147 PICT0081.JPG"
7,51,2,"148 PICT0081b.JPG"
7,51,3,"149 PICT0160.JPG"
7,51,4,"150 PICT0161.JPG"
7,52,0,"150 PICT0161.JPG"
7,52,1,"151 PICT0162.JPG"
7,52,2,"152 PICT0163.JPG"
7,52,3,"153 PICT0164.JPG"
7,52,4,"154 PICT0165.JPG"
7,52,5,"155 PICT0166.JPG"
7,54,0,"156 PICT0085b.JPG"
7,57,0,"157 PICT0086.JPG"
7,58,0,"158 PICT0086b.JPG"
7,58,1,"159 PICT0087.JPG"
7,58,2,"160 PICT0087b.JPG"
7,58,3,"161 PICT0089.JPG"
7,58,4,"162 PICT0089b.JPG"
7,59,0,"163 PICT0090.JPG"
7,59,1,"164 PICT0090b.JPG"
7,60,0,"164 PICT0090b.JPG"
7,60,1,"165 PICT0091.JPG"
7,60,2,"166 PICT0091b.JPG"
7,61,0,"166 PICT0091b.JPG"
7,61,1,"167 PICT0092.JPG"
7,61,2,"168 PICT0092b.JPG"
7,61,3,"169 PICT0093.JPG"
7,62,0,"169 PICT0093.JPG"
7,62,1,"170 PICT0093b.JPG"
7,62,2,"171 PICT0094.JPG"
7,63,0,"171 PICT0094.JPG"
7,63,1,"172 PICT0094b.JPG"
7,63,2,"173 PICT0095.JPG"
7,63,3,"174 PICT0095b.JPG"
7,64,0,"174 PICT0095b.JPG"
7,64,1,"175 PICT0096.JPG"
7,64,2,"176 PICT0096b.JPG"
7,65,0,"176 PICT0096b.JPG"
7,65,1,"178 PICT0097.JPG"
7,65,2,"179 PICT0097b.JPG"
7,66,0,"180 PICT0098.JPG"
7,66,1,"181 PICT0098b.JPG"
7,66,2,"182 PICT0099.JPG"
7,66,3,"183 PICT0099b.JPG"
7,66,4,"184 PICT0100.JPG"
7,67,0,"184 PICT0100.JPG"
7,67,1,"185 PICT0100b.JPG"
7,67,2,"186 PICT0101.JPG"
7,68,0,"187 PICT0101b.JPG"
7,68,1,"188 PICT0102.JPG"
7,68,2,"189 PICT0102b.JPG"
7,68,3,"190 PICT0103.JPG"
7,69,0,"190 PICT0103.JPG"
7,69,1,"191 PICT0199.JPG"
7,69,2,"192 PICT0200.JPG"
7,70,0,"192 PICT0200.JPG"
7,70,1,"193 PICT0201.JPG"
7,70,2,"194 PICT0202.JPG"
7,70,3,"195 PICT0203.JPG"
7,71,0,"195 PICT0203.JPG"
7,71,1,"196 PICT0204.JPG"
7,71,2,"197 PICT0205.JPG"
7,72,0,"197 PICT0205.JPG"
7,72,1,"198 PICT0206.JPG"
7,72,2,"199 PICT0207.JPG"
7,72,3,"200 PICT0208.JPG"
7,73,0,"200 PICT0208.JPG"
7,73,1,"201 PICT0209.JPG"
7,74,0,"201 PICT0209.JPG"
7,74,1,"202 PICT0210.JPG"
7,75,0,"202 PICT0210.JPG"
7,75,1,"203 PICT0211.JPG"
7,76,0,"203 PICT0211.JPG"
7,77,0,"203 PICT0211.JPG"
7,77,1,"204 PICT0212.JPG"
7,77,2,"205 PICT0213.JPG"
7,77,3,"206 PICT0214.JPG"
7,78,0,"207 PICT0215.JPG"
7,78,1,"208 PICT0216.JPG"
7,79,0,"208 PICT0216.JPG"
7,79,1,"209 PICT0217.JPG"
7,79,2,"210 PICT0218.JPG"
7,80,0,"210 PICT0218.JPG"
7,80,1,"211 PICT0219.JPG"
7,81,0,"212 PICT0220.JPG"
7,81,1,"213 PICT0221.JPG"
7,81,2,"214 PICT0222.JPG"
7,82,0,"214 PICT0222.JPG"
7,82,1,"215 PICT0223.JPG"
7,82,2,"216 PICT0224.JPG"
7,83,0,"216 PICT0224.JPG"
7,83,1,"217 PICT0225.JPG"
7,83,3,"218 PICT0226.JPG"
7,84,0,"218 PICT0226.JPG"
7,85,0,"218 PICT0226.JPG"
7,85,1,"219 PICT0227.JPG"
7,85,2,"220 PICT0228.JPG"
7,86,0,"220 PICT0228.JPG"
7,86,1,"221 PICT0229.JPG"
7,86,2,"222 PICT0230.JPG"
7,86,3,"223 PICT0231.JPG"
7,86,4,"224 PICT0232.JPG"
7,87,0,"224 PICT0232.JPG"
7,87,1,"225 PICT0233.JPG"
7,88,0,"225 PICT0233.JPG"
7,88,1,"226 PICT0234.JPG"
7,89,0,"226 PICT0234.JPG"
7,89,1,"227 PICT0235.JPG"
7,90,0,"227 PICT0235.JPG"
7,90,1,"228 PICT0236.JPG"
7,91,0,"228 PICT0236.JPG"
7,91,1,"229 PICT0237.JPG"
7,94,0,"229 PICT0237.JPG"
7,94,1,"230 PICT0238.JPG"
7,94,2,"231 PICT0239.JPG"
7,94,3,"232 PICT0240.JPG"
7,94,4,"233 PICT0241.JPG"
7,95,0,"233 PICT0241.JPG"
7,95,1,"234 PICT0242.JPG"
7,95,2,"235 PICT0246b.JPG"
7,95,3,"236 PICT0126.JPG"
7,95,4,"236 PICT0243.JPG"
7,97,0,"237 PICT0244.JPG"
7,97,1,"238 PICT0245.JPG"
7,97,2,"239 PICT0246.JPG"
7,99,0,"240 PICT0252b.JPG"
8,1,0,"pg-263v-264.jpg"
8,1,1,"pg-264v-265.jpg"
8,1,2,"pg-265v-266.jpg"
8,1,3,"pg-266v-267.jpg"
8,2,0,"pg-266v-267.jpg"
8,4,0,"pg-267v-268.jpg"
8,5,0,"pg-268v-269.jpg"
8,6,0,"pg-269v-270.jpg"
8,8,0,"pg-269v-270.jpg"
8,8,1,"pg-270v-271.jpg"
8,8,2,"pg-271v-272.jpg"
8,9,0,"pg-271v-272.jpg"
8,9,1,"pg-272v-273.jpg"
8,10,0,"pg-273v-274.jpg"
8,10,1,"pg-274v-275.jpg"
8,11,0,"pg-274v-275.jpg"
8,11,1,"pg-275v-276.jpg"
8,11,2,"pg-276v-277.jpg"
8,11,3,"pg-277v-278.jpg"
8,12,0,"pg-277v-278.jpg"
8,12,1,"pg-278v-279.jpg"
8,13,0,"pg-278v-279.jpg"
8,13,1,"pg-279v-280.jpg"
8,13,2,"pg-280v-281.jpg"
8,14,0,"pg-280v-281.jpg"
8,15,0,"pg-280v-281.jpg"
8,15,1,"pg-281v-282.jpg"
8,15,2,"pg-282v-283.jpg"
